Longitude,Latitude,UHI Index
-77.30169667,39.10924667,
-77.30038167,39.11336167,
-77.300285,39.10843333,
-77.299315,39.10788,
-77.2993,39.115225,
-77.29857667,39.11649833,
-77.29818667,39.16847,
-77.298055,39.166535,
-77.29798,39.16643167,
-77.29793667,39.17146,
-77.29792333,39.117495,
-77.29785167,39.17129667,
-77.29781,39.16623167,
-77.297805,39.17175333,
-77.29772,39.16613833,
-77.29757667,39.171865,
-77.29729667,39.17206,
-77.2972,39.16077167,
-77.29710667,39.11821,
-77.297,39.16379167,
-77.29696333,39.17233833,
-77.296885,39.12878833,
-77.29687,39.10639,
-77.29677333,39.16409,
-77.29673833,39.10631,
-77.296675,39.16330667,
-77.29662333,39.12991167,
-77.29659333,39.16306667,
-77.29656167,39.16197667,
-77.29654333,39.15968833,
-77.29652833,39.11880667,
-77.29649167,39.15973833,
-77.29644833,39.15989333,
-77.29627,39.12627833,
-77.29623667,39.13114833,
-77.29621333,39.11905,
-77.29612333,39.13141,
-77.29611333,39.17306833,
-77.29605333,39.12598333,
-77.29600167,39.119225,
-77.29600167,39.13166833,
-77.29598,39.15933333,
-77.29571167,39.11955833,
-77.29563167,39.11967333,
-77.29552667,39.14018333,
-77.29538833,39.132755,
-77.29536667,39.12016833,
-77.29531667,39.13288167,
-77.29522,39.15911333,
-77.29518,39.12410833,
-77.295145,39.120805,
-77.29511,39.13807667,
-77.29486333,39.122005,
-77.29485,39.17392667,
-77.29484667,39.10514667,
-77.29477667,39.13701833,
-77.29471333,39.17395167,
-77.29451,39.13600333,
-77.294095,39.15959,
-77.29407167,39.15972167,
-77.29402,39.159975,
-77.29388167,39.16039167,
-77.29378667,39.16056667,
-77.29366167,39.14317333,
-77.29322333,39.16127833,
-77.29300167,39.16155167,
-77.292675,39.16150333,
-77.29257667,39.144895,
-77.29242833,39.16093167,
-77.29240667,39.16137667,
-77.29237,39.15939167,
-77.29224167,39.16120333,
-77.29213167,39.15934833,
-77.29192167,39.17356167,
-77.29179333,39.17353333,
-77.29134167,39.10306833,
-77.29074,39.15878333,
-77.29073,39.1732,
-77.29020667,39.15935167,
-77.29009333,39.14848833,
-77.28995667,39.14873833,
-77.28986,39.17273667,
-77.28985167,39.18187,
-77.28964,39.18267833,
-77.28954,39.14963333,
-77.28931167,39.17240667,
-77.28931,39.16959167,
-77.289255,39.169445,
-77.28901167,39.17206,
-77.28885333,39.15124167,
-77.288715,39.16108333,
-77.28846667,39.15247,
-77.28824833,39.15307333,
-77.28823667,39.10333,
-77.28818333,39.16920833,
-77.28803333,39.18373333,
-77.28760667,39.18370833,
-77.28738333,39.15412833,
-77.287285,39.10356167,
-77.28719667,39.16217,
-77.286425,39.153745,
-77.28626167,39.16260333,
-77.28531,39.18344,
-77.28527833,39.15355667,
-77.28520333,39.15390667,
-77.28519833,39.153845,
-77.28512167,39.15415667,
-77.284675,39.19555167,
-77.28467333,39.19446333,
-77.28401667,39.19703833,
-77.28383,39.172985,
-77.28376667,39.10609833,
-77.28374833,39.18669,
-77.28369833,39.193665,
-77.28367833,39.18634833,
-77.28365833,39.170815,
-77.28348833,39.16912833,
-77.28339167,39.17011333,
-77.28332333,39.106485,
-77.283305,39.16920333,
-77.28324333,39.169805,
-77.28319667,39.16970833,
-77.28313833,39.19740667,
-77.28313,39.18563667,
-77.28288667,39.19743167,
-77.28284167,39.17601167,
-77.282835,39.16256667,
-77.282765,39.10695,
-77.282445,39.19025333,
-77.28219667,39.16224833,
-77.28198667,39.11299667,
-77.28186333,39.19208667,
-77.28178667,39.11269167,
-77.28172333,39.19056667,
-77.28149167,39.15409833,
-77.28140333,39.15415167,
-77.28139333,39.11371167,
-77.28139333,39.19161167,
-77.28132333,39.11379667,
-77.28125,39.15425833,
-77.28117333,39.19699333,
-77.28114833,39.19146667,
-77.28111667,39.154345,
-77.28109167,39.19082667,
-77.28105,39.1142,
-77.28097667,39.15438667,
-77.28093333,39.114655,
-77.28093167,39.190935,
-77.28084833,39.154345,
-77.280755,39.19111833,
-77.28071,39.11026667,
-77.280635,39.11019333,
-77.28059333,39.15418167,
-77.28042667,39.15406667,
-77.28034167,39.19674167,
-77.28028667,39.10920667,
-77.28017667,39.15388833,
-77.28000333,39.15378833,
-77.279985,39.10982,
-77.27983333,39.15371667,
-77.279555,39.15366167,
-77.27927167,39.15362833,
-77.27925,39.19643167,
-77.27898667,39.115405,
-77.27868667,39.15351167,
-77.27864167,39.115445,
-77.278455,39.15344333,
-77.27836167,39.15346333,
-77.278315,39.11343167,
-77.27822333,39.11484833,
-77.27820167,39.11426167,
-77.278195,39.11180167,
-77.27743833,39.19637333,
-77.277365,39.155015,
-77.27705667,39.1716,
-77.27703,39.15548,
-77.277015,39.171415,
-77.276875,39.17133167,
-77.27668167,39.17191833,
-77.27665833,39.19983833,
-77.27645333,39.15641167,
-77.27638833,39.15652833,
-77.27620833,39.19895833,
-77.27584,39.15917167,
-77.275595,39.15728667,
-77.27556667,39.17062,
-77.27550667,39.20180667,
-77.27547333,39.15727333,
-77.27541,39.159075,
-77.27536167,39.17284667,
-77.27529167,39.19836667,
-77.27523833,39.111985,
-77.27523167,39.15917667,
-77.27475833,39.16061667,
-77.27466333,39.17012333,
-77.27431667,39.15686,
-77.27431333,39.14578167,
-77.27428667,39.16204167,
-77.27422,39.19744333,
-77.27420167,39.162315,
-77.2741,39.196855,
-77.273805,39.14644333,
-77.27379,39.16362333,
-77.27371667,39.16385,
-77.27358667,39.156445,
-77.27353667,39.20124,
-77.27335333,39.16460333,
-77.27323333,39.11249667,
-77.27316333,39.20149833,
-77.27302167,39.169195,
-77.27296333,39.20164333,
-77.272935,39.16519167,
-77.27289667,39.14401,
-77.27282,39.155955,
-77.27262167,39.20187333,
-77.27249333,39.165625,
-77.27239333,39.202025,
-77.27228667,39.175125,
-77.272125,39.15561667,
-77.27196833,39.16869833,
-77.271605,39.16821333,
-77.27159,39.20167167,
-77.27156167,39.14252333,
-77.27149167,39.147385,
-77.27146667,39.20156333,
-77.27137667,39.16785,
-77.271275,39.16766833,
-77.27117,39.14208833,
-77.27116333,39.20131667,
-77.27100333,39.167205,
-77.27075833,39.16678833,
-77.27066,39.15417167,
-77.27059333,39.15410333,
-77.27048833,39.18311,
-77.27038,39.11302833,
-77.27037333,39.14785833,
-77.27030333,39.20061833,
-77.27018667,39.11305833,
-77.27014,39.11485833,
-77.27010833,39.11491833,
-77.27004833,39.11432333,
-77.27004667,39.11308167,
-77.27002167,39.200435,
-77.27001333,39.11495,
-77.26997833,39.17687167,
-77.26959167,39.14837,
-77.26957,39.183485,
-77.26945833,39.19985833,
-77.26940333,39.14853667,
-77.26933333,39.18354667,
-77.26870667,39.11530833,
-77.268465,39.17805167,
-77.26839333,39.19820833,
-77.26835167,39.17814167,
-77.26832833,39.19717167,
-77.26826667,39.15227333,
-77.26811167,39.15241167,
-77.267875,39.17848833,
-77.26773833,39.08833667,
-77.26769667,39.11599167,
-77.26765167,39.18402167,
-77.26758833,39.17918,
-77.26754,39.179115,
-77.26749667,39.17874167,
-77.26749333,39.17905,
-77.26741,39.11622333,
-77.26732667,39.09108167,
-77.267155,39.09139667,
-77.26714833,39.11654667,
-77.26712,39.138485,
-77.26704667,39.11671333,
-77.26680833,39.18439833,
-77.266605,39.09262,
-77.266245,39.18475167,
-77.26620833,39.09433333,
-77.2661,39.09480833,
-77.26609333,39.184685,
-77.265985,39.09525,
-77.26598,39.19364833,
-77.265805,39.08475667,
-77.26578333,39.19073333,
-77.265565,39.22780833,
-77.265525,39.19258333,
-77.26549,39.22773667,
-77.26549,39.11964667,
-77.26528,39.08385667,
-77.26524333,39.19194667,
-77.26516667,39.191775,
-77.265145,39.13792333,
-77.265035,39.22877833,
-77.26499333,39.08340333,
-77.26472833,39.18459667,
-77.264365,39.18451333,
-77.26435667,39.11912667,
-77.264225,39.09706833,
-77.26405833,39.183335,
-77.26394167,39.08248333,
-77.263905,39.18698333,
-77.26382333,39.097005,
-77.26371667,39.13784333,
-77.26368,39.18646,
-77.263615,39.18261667,
-77.26347833,39.18606333,
-77.26340667,39.22594167,
-77.263305,39.11859833,
-77.26306667,39.06969,
-77.26294333,39.096725,
-77.26285833,39.09668667,
-77.26279833,39.081995,
-77.26253667,39.22971667,
-77.26251,39.08190833,
-77.262455,39.17091333,
-77.262445,39.11818,
-77.26244333,39.18510167,
-77.26243167,39.171495,
-77.262345,39.11812833,
-77.26232667,39.137795,
-77.26225,39.17070167,
-77.261865,39.17277667,
-77.261805,39.17291333,
-77.26176833,39.23002333,
-77.26161833,39.17332667,
-77.26154,39.08170833,
-77.26152167,39.07062,
-77.26147333,39.22430167,
-77.26137667,39.22421333,
-77.26136667,39.23014833,
-77.26133667,39.18152667,
-77.261335,39.06813667,
-77.261215,39.116815,
-77.26120833,39.08164333,
-77.26119833,39.0681,
-77.26115167,39.11548333,
-77.26113,39.095495,
-77.26106167,39.174585,
-77.261015,39.11512667,
-77.26098,39.09525667,
-77.26093833,39.09518,
-77.26091833,39.16931167,
-77.26089833,39.09510833,
-77.260815,39.07154167,
-77.26063833,39.06794833,
-77.26056,39.072185,
-77.26051667,39.07231,
-77.26042167,39.22301,
-77.26028333,39.11446333,
-77.26024333,39.18221,
-77.260215,39.22255,
-77.26021,39.18210167,
-77.25997833,39.07377333,
-77.25985,39.137725,
-77.259795,39.09363,
-77.25976333,39.06770833,
-77.25972333,39.07455667,
-77.25964833,39.23072,
-77.25962833,39.06767167,
-77.259585,39.09352,
-77.25927167,39.09340333,
-77.25909833,39.16581167,
-77.25883333,39.163615,
-77.25882667,39.220835,
-77.25869,39.22073167,
-77.258465,39.163025,
-77.25829667,39.08138333,
-77.25827667,39.22043833,
-77.25822833,39.09337667,
-77.25804333,39.07701167,
-77.2578,39.07735833,
-77.25750833,39.21989667,
-77.257395,39.07789,
-77.25723833,39.114445,
-77.25700167,39.080805,
-77.25694333,39.23125667,
-77.25688333,39.21943667,
-77.25681667,39.09430333,
-77.25675833,39.16213667,
-77.25658667,39.080485,
-77.25636333,39.219045,
-77.25626167,39.11307167,
-77.255935,39.09498833,
-77.25590833,39.13759667,
-77.25579667,39.07984667,
-77.25568167,39.07980167,
-77.25559167,39.23096,
-77.25527333,39.08027667,
-77.25523,39.21816333,
-77.25521833,39.06576167,
-77.25514,39.09661833,
-77.25498833,39.11364667,
-77.25479667,39.23072667,
-77.25468333,39.17540167,
-77.25444667,39.06531833,
-77.25442667,39.15489667,
-77.25440833,39.2306,
-77.25440833,39.096845,
-77.254085,39.08028167,
-77.25405667,39.15613667,
-77.25402833,39.23045333,
-77.25391667,39.15630167,
-77.25390833,39.15419,
-77.25361167,39.15707167,
-77.25353667,39.082745,
-77.253465,39.09712833,
-77.25345,39.19459833,
-77.25344,39.08345333,
-77.253365,39.08362667,
-77.253245,39.08005167,
-77.253015,39.11441333,
-77.25297833,39.11443333,
-77.25293333,39.17486333,
-77.25286833,39.16175333,
-77.25286833,39.08070167,
-77.25286167,39.064325,
-77.25283667,39.10356833,
-77.25282,39.11550333,
-77.25281333,39.11626833,
-77.25280833,39.11597667,
-77.2527,39.10091667,
-77.25265,39.11751167,
-77.25257333,39.22956667,
-77.25255,39.117605,
-77.25254833,39.08189167,
-77.25250833,39.10416833,
-77.25245167,39.08185,
-77.25242667,39.16178167,
-77.25238,39.081005,
-77.252365,39.064,
-77.25228167,39.16179333,
-77.25226,39.21565167,
-77.25224,39.06392,
-77.25220667,39.174555,
-77.25208667,39.1049,
-77.252035,39.15935667,
-77.25198667,39.21551833,
-77.25196833,39.15413833,
-77.25189333,39.174425,
-77.25185,39.08471333,
-77.25184833,39.21545,
-77.25178833,39.10567,
-77.25152167,39.22893167,
-77.251485,39.15987667,
-77.251305,39.19462667,
-77.251205,39.117265,
-77.25112,39.13652167,
-77.25110667,39.063175,
-77.25070167,39.21488833,
-77.25065833,39.08094667,
-77.250635,39.11707833,
-77.25036833,39.08523833,
-77.25034167,39.17405667,
-77.25032,39.22817833,
-77.25014,39.19452667,
-77.25012667,39.10710167,
-77.24998833,39.19449333,
-77.24991333,39.10687167,
-77.24974,39.116805,
-77.24961167,39.15392833,
-77.249235,39.08550833,
-77.24919333,39.194145,
-77.24914167,39.08549667,
-77.24911167,39.227405,
-77.24896833,39.19399333,
-77.248825,39.11654167,
-77.248765,39.061865,
-77.24866667,39.21278833,
-77.24859333,39.08405833,
-77.24857167,39.08132,
-77.24851167,39.10604167,
-77.24839,39.134755,
-77.248335,39.10604,
-77.24820667,39.22678167,
-77.24811167,39.15262833,
-77.24810833,39.226705,
-77.24763,39.22627667,
-77.24746333,39.22590167,
-77.24733333,39.13425,
-77.24720333,39.06120167,
-77.24704,39.08102167,
-77.246975,39.20863167,
-77.24677,39.10672167,
-77.246695,39.11584167,
-77.24669167,39.20761833,
-77.24668833,39.060935,
-77.24662667,39.20739167,
-77.24656333,39.207165,
-77.24642333,39.08087167,
-77.24639833,39.084525,
-77.24636333,39.15121833,
-77.246275,39.13382667,
-77.24623167,39.20593,
-77.24612333,39.20549667,
-77.246065,39.06060167,
-77.24606167,39.11618,
-77.24601,39.11624,
-77.24593833,39.084645,
-77.24577333,39.10658333,
-77.24569833,39.116645,
-77.24553,39.10657333,
-77.24526667,39.11726,
-77.24515167,39.11750833,
-77.24498333,39.13343333,
-77.24497,39.11803833,
-77.24494,39.059975,
-77.244845,39.133405,
-77.24476167,39.150635,
-77.24472167,39.118595,
-77.244645,39.10666833,
-77.24462333,39.15071167,
-77.244585,39.11894667,
-77.24450333,39.05959,
-77.24445167,39.13330167,
-77.244305,39.10674833,
-77.24429667,39.11978167,
-77.24406,39.058835,
-77.24401333,39.15089833,
-77.24398833,39.10679,
-77.24398333,39.12045,
-77.24392667,39.22276,
-77.24387,39.121295,
-77.24382333,39.05838,
-77.24376333,39.122405,
-77.243655,39.12406,
-77.24362167,39.12391667,
-77.24352667,39.12466,
-77.24340667,39.22203,
-77.24336667,39.177455,
-77.24335167,39.22192,
-77.24334333,39.15108333,
-77.24330167,39.21951833,
-77.243255,39.22170667,
-77.24321833,39.22159667,
-77.24321833,39.08022,
-77.24318333,39.22148667,
-77.243065,39.12295667,
-77.24305333,39.12301833,
-77.24304667,39.12307833,
-77.24304333,39.12554333,
-77.242995,39.10659667,
-77.24292167,39.10660333,
-77.24288833,39.132695,
-77.24256,39.179295,
-77.24244333,39.05577333,
-77.242435,39.178015,
-77.24236833,39.10681167,
-77.242255,39.21708167,
-77.242135,39.17882,
-77.24206167,39.05509,
-77.24193333,39.20375,
-77.24188,39.20342667,
-77.24184,39.20336833,
-77.24175667,39.20384833,
-77.241225,39.126695,
-77.24109,39.13172833,
-77.24104833,39.15258667,
-77.24085167,39.15273167,
-77.24082833,39.13153833,
-77.24067167,39.10789,
-77.24065833,39.21629,
-77.24055833,39.11214,
-77.24045167,39.20424833,
-77.24037333,39.11252167,
-77.24036833,39.13114,
-77.24028667,39.11259833,
-77.24024,39.20431,
-77.24021333,39.12705167,
-77.24020333,39.10822,
-77.24009167,39.11168333,
-77.24006167,39.130855,
-77.23998667,39.11286667,
-77.23975667,39.21055,
-77.23969167,39.10854167,
-77.239665,39.21078333,
-77.23966333,39.15355833,
-77.23958167,39.20148333,
-77.23951833,39.20146333,
-77.23944667,39.20144167,
-77.239435,39.15727167,
-77.23942333,39.05223833,
-77.23936667,39.21226333,
-77.23933,39.12746167,
-77.23922,39.21612667,
-77.23921667,39.19732167,
-77.23906667,39.215005,
-77.23903667,39.19892833,
-77.23897833,39.08052333,
-77.23896167,39.19917,
-77.238935,39.20123333,
-77.23866,39.08646,
-77.238615,39.15920833,
-77.23860833,39.20079833,
-77.23857333,39.20610833,
-77.23854667,39.20700833,
-77.23854333,39.20708667,
-77.23853667,39.20724667,
-77.23842,39.131005,
-77.23841333,39.15925667,
-77.23837667,39.12177333,
-77.238325,39.15453167,
-77.23828333,39.15453,
-77.23823333,39.11988,
-77.238205,39.05153667,
-77.23819833,39.10887833,
-77.238175,39.12069,
-77.23815,39.12104833,
-77.238025,39.11494833,
-77.238025,39.17556333,
-77.23799333,39.108865,
-77.23793333,39.121295,
-77.23792833,39.20886667,
-77.237875,39.10961167,
-77.23782833,39.08076,
-77.23782333,39.11513,
-77.23778667,39.19605333,
-77.23777333,39.11539333,
-77.23775833,39.11549167,
-77.23775833,39.12822,
-77.237705,39.15933333,
-77.237635,39.155115,
-77.23761,39.119775,
-77.23759833,39.20914,
-77.23755833,39.20992833,
-77.23754833,39.11651667,
-77.23751333,39.11975333,
-77.237455,39.10891833,
-77.23737,39.20948167,
-77.23735,39.08728167,
-77.237235,39.08739,
-77.23717667,39.08744333,
-77.23710167,39.173395,
-77.236965,39.173135,
-77.23687167,39.19703667,
-77.23681333,39.11711167,
-77.23673667,39.08789667,
-77.23662833,39.11713833,
-77.23661,39.11961833,
-77.23638333,39.11713833,
-77.23602833,39.11724833,
-77.23596,39.12328333,
-77.23595667,39.13147667,
-77.23592833,39.11736833,
-77.23588167,39.12327667,
-77.23587333,39.17646333,
-77.235615,39.17074167,
-77.23558667,39.19743,
-77.23553833,39.11811667,
-77.23552667,39.15956,
-77.23536833,39.11791833,
-77.23536167,39.17656333,
-77.23533833,39.08193833,
-77.23533667,39.13157167,
-77.23531833,39.11783833,
-77.2352,39.13156667,
-77.23516667,39.144695,
-77.235075,39.12907667,
-77.23506333,39.14476167,
-77.234995,39.14422833,
-77.234835,39.09067333,
-77.23477,39.09079,
-77.23476333,39.12909167,
-77.23470333,39.090905,
-77.23467333,39.144965,
-77.23457,39.14310833,
-77.23457,39.082185,
-77.23455333,39.14290833,
-77.23451,39.09125333,
-77.23445333,39.14136833,
-77.23442833,39.12316,
-77.234385,39.15982,
-77.23432333,39.12909333,
-77.234195,39.12909167,
-77.23414833,39.14090333,
-77.23410833,39.16876167,
-77.23402833,39.14542333,
-77.23397,39.19061167,
-77.23394333,39.19072,
-77.23381667,39.140615,
-77.23371667,39.14055,
-77.23362667,39.12313833,
-77.233585,39.048685,
-77.23357333,39.092925,
-77.233445,39.14622667,
-77.23341833,39.09315333,
-77.23329667,39.192895,
-77.23327,39.14667,
-77.23324833,39.04858167,
-77.23323833,39.16006167,
-77.23320667,39.05027833,
-77.23312667,39.04980167,
-77.23312333,39.05126333,
-77.23307667,39.04883667,
-77.23307167,39.048925,
-77.23305,39.08269833,
-77.232965,39.051635,
-77.23281167,39.18697667,
-77.232675,39.16043,
-77.23251833,39.14978,
-77.23250667,39.18506333,
-77.23241833,39.17771333,
-77.23240833,39.05294333,
-77.232385,39.12349667,
-77.23230167,39.05317167,
-77.23228667,39.18424333,
-77.23226,39.12353833,
-77.232245,39.184135,
-77.23221833,39.19411667,
-77.23213167,39.14738333,
-77.232055,39.195985,
-77.23202667,39.16095333,
-77.23200167,39.05486,
-77.231975,39.05558333,
-77.23196333,39.18332,
-77.23192667,39.1832,
-77.23178667,39.18147333,
-77.23177833,39.18167,
-77.231755,39.18197833,
-77.23168333,39.16124667,
-77.23167833,39.19420833,
-77.23166,39.09542333,
-77.23138833,39.17815667,
-77.231325,39.15280833,
-77.23132333,39.05741,
-77.23128667,39.19520167,
-77.23116667,39.09592833,
-77.23111667,39.12390667,
-77.231105,39.05793333,
-77.23108167,39.12392,
-77.230965,39.15341167,
-77.23092167,39.16161,
-77.23087667,39.05859,
-77.23087333,39.19441,
-77.23081167,39.16786667,
-77.23075833,39.08344333,
-77.230525,39.12903833,
-77.23051667,39.12849667,
-77.23045,39.08354833,
-77.23039,39.127595,
-77.230305,39.124045,
-77.23025167,39.06046,
-77.230185,39.12917833,
-77.230155,39.12752667,
-77.23013,39.162085,
-77.230065,39.060915,
-77.22999667,39.06384667,
-77.229985,39.06128,
-77.22981667,39.16265,
-77.22976833,39.12919167,
-77.22932167,39.16350833,
-77.22918,39.12384667,
-77.229175,39.09731,
-77.228995,39.12381333,
-77.22896333,39.14082333,
-77.22894833,39.12750167,
-77.228825,39.08408667,
-77.22862667,39.12745167,
-77.22841,39.14109667,
-77.22833833,39.16428667,
-77.22826833,39.14132167,
-77.228205,39.16567,
-77.22812,39.14144833,
-77.22804167,39.14150667,
-77.22786833,39.14161167,
-77.22784833,39.16525333,
-77.22782,39.12387167,
-77.22781,39.12721667,
-77.22753667,39.16470667,
-77.22752,39.16474167,
-77.22750667,39.12995167,
-77.227405,39.123365,
-77.22704333,39.13031333,
-77.22701167,39.12785833,
-77.22691667,39.06877667,
-77.22671167,39.15595333,
-77.22662167,39.12305167,
-77.22648667,39.14174833,
-77.226445,39.12298833,
-77.22626667,39.13114333,
-77.22621333,39.12291833,
-77.22617333,39.08477833,
-77.22617167,39.13124833,
-77.22594333,39.09947833,
-77.22573833,39.122785,
-77.22567167,39.08489333,
-77.22564667,39.14173167,
-77.22562,39.12272667,
-77.225475,39.15651833,
-77.225305,39.07119167,
-77.22513667,39.12579,
-77.22512167,39.12573,
-77.22503667,39.190605,
-77.22498667,39.12336333,
-77.22491833,39.123525,
-77.22491333,39.10016833,
-77.22489167,39.12542667,
-77.22488,39.19099667,
-77.22481333,39.12543167,
-77.22478833,39.127105,
-77.22477167,39.19144333,
-77.224585,39.19265667,
-77.22458333,39.085145,
-77.224545,39.07220667,
-77.22451333,39.19321833,
-77.22444833,39.19525333,
-77.22443167,39.13301833,
-77.22443,39.12378667,
-77.22442667,39.10071667,
-77.22440333,39.14177833,
-77.22436667,39.19052167,
-77.22433333,39.10088833,
-77.22428833,39.141995,
-77.22427667,39.13334833,
-77.22422,39.14252333,
-77.22413833,39.10139,
-77.22411,39.12506667,
-77.224035,39.10219167,
-77.22402333,39.14303333,
-77.22401833,39.124915,
-77.223975,39.15721833,
-77.223675,39.12430167,
-77.223465,39.19039167,
-77.22346167,39.13580167,
-77.22342,39.13592833,
-77.223355,39.10309167,
-77.22312,39.13681333,
-77.22309,39.10309333,
-77.22283167,39.13768333,
-77.22262333,39.13828667,
-77.222445,39.08561833,
-77.22232,39.13915,
-77.22227,39.10297167,
-77.221895,39.15820333,
-77.22187333,39.14033833,
-77.22183167,39.07162333,
-77.22165833,39.140865,
-77.221625,39.14269333,
-77.22124667,39.07151667,
-77.22118167,39.142125,
-77.22088833,39.14247833,
-77.22083167,39.19665333,
-77.22075167,39.15869833,
-77.22060333,39.14240833,
-77.220535,39.10287667,
-77.22036167,39.10324333,
-77.22023667,39.08608333,
-77.21999833,39.14246167,
-77.21992333,39.08617333,
-77.219775,39.142405,
-77.21933333,39.10543667,
-77.219285,39.08633333,
-77.219165,39.07126167,
-77.21906667,39.18960667,
-77.21877833,39.18945667,
-77.21876,39.15961833,
-77.21849333,39.08645833,
-77.21820167,39.18897333,
-77.218015,39.18874333,
-77.217905,39.14170167,
-77.21786,39.10850833,
-77.217465,39.1094,
-77.21693,39.15995833,
-77.21682333,39.07059,
-77.216815,39.11826667,
-77.21681,39.118135,
-77.21678167,39.06980667,
-77.21675667,39.118945,
-77.21671833,39.15996833,
-77.21670667,39.11761167,
-77.21654,39.14135667,
-77.21652,39.18783167,
-77.21650833,39.12020333,
-77.21649167,39.06926833,
-77.21639833,39.116865,
-77.216395,39.141295,
-77.216245,39.19746667,
-77.21624167,39.08727,
-77.21621333,39.06897,
-77.216085,39.15993,
-77.21607833,39.116155,
-77.215975,39.15963167,
-77.21595333,39.12168667,
-77.2159,39.11572833,
-77.21582667,39.10957,
-77.21573833,39.15938,
-77.21546,39.12265167,
-77.214965,39.06874833,
-77.21489167,39.123465,
-77.214195,39.08914333,
-77.21386333,39.11527167,
-77.21385167,39.15813333,
-77.213835,39.14054833,
-77.21334833,39.1406,
-77.21294,39.18576333,
-77.212785,39.09050333,
-77.21254833,39.06840833,
-77.21236,39.09091,
-77.21235333,39.14044833,
-77.212165,39.14057,
-77.21199333,39.14056167,
-77.21199,39.12572667,
-77.21192167,39.11525167,
-77.21173667,39.12589,
-77.21156333,39.19860333,
-77.21133833,39.184665,
-77.21126833,39.18460167,
-77.21117167,39.18449667,
-77.21114167,39.184455,
-77.21098333,39.19892833,
-77.21097333,39.18421333,
-77.21076167,39.107745,
-77.210715,39.12655,
-77.21054833,39.140565,
-77.21054,39.15556167,
-77.21051167,39.182815,
-77.21030167,39.18170667,
-77.2103,39.07860333,
-77.21024833,39.20028333,
-77.21012,39.17689833,
-77.210075,39.176495,
-77.21006333,39.07642167,
-77.209935,39.17970167,
-77.20985333,39.15499333,
-77.20983,39.079745,
-77.20975,39.07980167,
-77.20954,39.07644667,
-77.20940333,39.06737333,
-77.2092,39.17546333,
-77.20917833,39.12764333,
-77.209165,39.07645167,
-77.20908,39.115595,
-77.20905667,39.14056,
-77.209,39.154245,
-77.208985,39.12781167,
-77.20893,39.17518333,
-77.208865,39.115885,
-77.20884667,39.20201333,
-77.20878667,39.09516333,
-77.20868833,39.140415,
-77.20867833,39.17161,
-77.20865,39.15343333,
-77.2086,39.153235,
-77.20857333,39.17469,
-77.20849833,39.10620833,
-77.20841833,39.14053167,
-77.20838667,39.17261167,
-77.20827167,39.17395,
-77.20823,39.173495,
-77.2081,39.10599833,
-77.20809833,39.17038833,
-77.20806667,39.11633333,
-77.20798,39.12889333,
-77.207965,39.06777667,
-77.20783,39.06819333,
-77.207705,39.096545,
-77.207685,39.068725,
-77.20763,39.06893167,
-77.20756167,39.14046667,
-77.207545,39.07621667,
-77.20753333,39.07611833,
-77.20750333,39.06946833,
-77.207435,39.14034167,
-77.20735,39.073865,
-77.207335,39.203875,
-77.20731167,39.10626333,
-77.20729833,39.07323,
-77.20729,39.07310833,
-77.20724167,39.20396167,
-77.207025,39.07102,
-77.207005,39.07081333,
-77.20694167,39.140405,
-77.20693667,39.10629833,
-77.20691333,39.13043833,
-77.20683167,39.08215,
-77.20678667,39.14039167,
-77.20671,39.11633,
-77.20663333,39.14037667,
-77.20621167,39.14019333,
-77.206005,39.09691833,
-77.20600167,39.116355,
-77.20592833,39.13497167,
-77.20590833,39.13488667,
-77.20586833,39.14026167,
-77.20583,39.203475,
-77.20574667,39.137165,
-77.20572833,39.20339,
-77.20572333,39.13755667,
-77.20572,39.082735,
-77.20567667,39.09688167,
-77.20565333,39.13502833,
-77.20563833,39.08427167,
-77.20559,39.13478167,
-77.205515,39.16988833,
-77.20550833,39.13652167,
-77.20548333,39.08392167,
-77.20543,39.137405,
-77.20542833,39.10153,
-77.20540667,39.13765333,
-77.205405,39.101145,
-77.205395,39.11636167,
-77.205395,39.13778,
-77.20538167,39.13919,
-77.205375,39.138305,
-77.20537167,39.16986,
-77.20535833,39.08294833,
-77.20534333,39.1393,
-77.20531667,39.10160833,
-77.20526167,39.10072833,
-77.20512667,39.14018,
-77.205085,39.116345,
-77.20508,39.08313333,
-77.20501667,39.13978,
-77.20496333,39.13991833,
-77.20482167,39.16878667,
-77.20478333,39.09677167,
-77.20478167,39.11629167,
-77.204775,39.099275,
-77.20462667,39.098885,
-77.20455333,39.16968333,
-77.20434833,39.201835,
-77.204315,39.13430667,
-77.204105,39.0967,
-77.20406333,39.201525,
-77.20398,39.16404667,
-77.20397667,39.158365,
-77.203915,39.091615,
-77.20390167,39.06359,
-77.203885,39.09691167,
-77.20385667,39.09678,
-77.203705,39.11584167,
-77.20368333,39.15859833,
-77.20366,39.06308833,
-77.20359333,39.11575667,
-77.20354833,39.06285667,
-77.203475,39.13360333,
-77.20342,39.02645667,
-77.20339833,39.06255833,
-77.20335167,39.06433667,
-77.203235,39.062235,
-77.20322167,39.060065,
-77.20318333,39.02635333,
-77.20317167,39.05592833,
-77.20316833,39.06045333,
-77.203155,39.08370667,
-77.20315167,39.10685,
-77.20308667,39.15667667,
-77.20305667,39.09229667,
-77.20305167,39.02722,
-77.20301167,39.09259667,
-77.20299667,39.09236333,
-77.20298833,39.06480667,
-77.20280167,39.15944667,
-77.202735,39.11508,
-77.20267,39.02618333,
-77.20265667,39.088345,
-77.20254667,39.159805,
-77.202545,39.13266,
-77.20253667,39.02753,
-77.20251167,39.08819833,
-77.20249667,39.065035,
-77.20249167,39.09309833,
-77.20247333,39.15992833,
-77.20246667,39.11486833,
-77.20243833,39.094335,
-77.20241,39.05630667,
-77.20234,39.06500833,
-77.20233167,39.13226,
-77.20232167,39.08806167,
-77.20222667,39.08969167,
-77.20219833,39.16185167,
-77.202175,39.094845,
-77.20215333,39.09008,
-77.20214,39.16161,
-77.20212,39.106265,
-77.20209833,39.16136333,
-77.202085,39.161245,
-77.20206,39.08364667,
-77.20202333,39.10610167,
-77.20200833,39.15562,
-77.201995,39.13135833,
-77.20189333,39.13106333,
-77.20186167,39.02899667,
-77.201695,39.10555167,
-77.20165167,39.10547667,
-77.20162,39.155245,
-77.20157833,39.05413667,
-77.20157833,39.13018333,
-77.20150667,39.08370167,
-77.20144167,39.08748833,
-77.20142833,39.15505667,
-77.20140833,39.05976333,
-77.20139,39.12980333,
-77.20138,39.10518167,
-77.20136,39.053915,
-77.20131667,39.08734333,
-77.20129167,39.05973167,
-77.20129167,39.08515667,
-77.20125167,39.12958167,
-77.20121833,39.08553167,
-77.20120667,39.10200667,
-77.20119,39.06460833,
-77.201125,39.05347833,
-77.2011,39.0858,
-77.20098833,39.08617333,
-77.20097833,39.08421167,
-77.20094167,39.086535,
-77.20084833,39.08402333,
-77.20083833,39.10421833,
-77.20073333,39.052035,
-77.20071667,39.05196,
-77.200645,39.11358833,
-77.20060833,39.10187833,
-77.20059667,39.05954167,
-77.20059167,39.05145667,
-77.20056333,39.06434667,
-77.20056,39.05805833,
-77.200535,39.05815167,
-77.200485,39.05112,
-77.20046833,39.12865333,
-77.20045167,39.05842833,
-77.20044167,39.10362167,
-77.20040167,39.10193,
-77.20039833,39.10356333,
-77.20034667,39.05066833,
-77.20028833,39.064235,
-77.20026667,39.03123,
-77.200255,39.113445,
-77.20019167,39.05001833,
-77.2001,39.10535333,
-77.19995833,39.03131833,
-77.19974167,39.12811667,
-77.19951833,39.08177167,
-77.19946833,39.095025,
-77.199395,39.04900833,
-77.19927333,39.063785,
-77.19925833,39.026645,
-77.19920167,39.047955,
-77.199095,39.06368,
-77.199055,39.11323,
-77.19902833,39.09468,
-77.198975,39.11321667,
-77.19874333,39.04793667,
-77.19870833,39.12757333,
-77.1987,39.08305167,
-77.19834333,39.06325167,
-77.19813333,39.07919,
-77.19807833,39.09388,
-77.19798,39.12745167,
-77.19796,39.09378333,
-77.19792667,39.07893833,
-77.19790167,39.19704333,
-77.19785667,39.04852,
-77.19776,39.093655,
-77.19767,39.04886333,
-77.19759667,39.04900167,
-77.197595,39.09353833,
-77.19749833,39.08493333,
-77.197495,39.06286,
-77.19727,39.04972833,
-77.19706,39.03202,
-77.19699833,39.07777833,
-77.19686333,39.050505,
-77.19685167,39.06321833,
-77.19684833,39.08609167,
-77.19679167,39.08618833,
-77.19672833,39.196425,
-77.19665167,39.06337833,
-77.19630667,39.05150167,
-77.196245,39.10609,
-77.19617,39.03315833,
-77.19611167,39.06379833,
-77.19610833,39.02677333,
-77.195995,39.05199333,
-77.19597167,39.10266833,
-77.19596167,39.12780667,
-77.19593667,39.08755833,
-77.19585333,39.09432667,
-77.19584,39.03367333,
-77.195765,39.09462833,
-77.19571,39.12785667,
-77.19568333,39.10677333,
-77.19567667,39.033925,
-77.19565667,39.09765833,
-77.19559333,39.03404667,
-77.19558667,39.088115,
-77.19549833,39.112405,
-77.19532167,39.09864167,
-77.195315,39.05217167,
-77.19527167,39.09881,
-77.19526167,39.194565,
-77.19521,39.07715167,
-77.19515667,39.02647667,
-77.19512333,39.09730833,
-77.19504333,39.09726333,
-77.19504,39.06482667,
-77.19498667,39.06489667,
-77.19483,39.097115,
-77.19481833,39.11221833,
-77.194785,39.09705333,
-77.19472833,39.08956,
-77.19465833,39.06530667,
-77.19450667,39.092515,
-77.1944,39.02617333,
-77.19429833,39.06569,
-77.19426667,39.09035333,
-77.19426667,39.036005,
-77.19421333,39.09263333,
-77.19419333,39.092625,
-77.19418667,39.065845,
-77.19411833,39.19332,
-77.193985,39.06609,
-77.19393667,39.05263667,
-77.19393,39.09381667,
-77.19392167,39.09457333,
-77.19385667,39.139235,
-77.193825,39.09352667,
-77.19378167,39.02592667,
-77.19369,39.14007333,
-77.19366667,39.14019,
-77.19361,39.095315,
-77.193605,39.10808167,
-77.19358167,39.06657333,
-77.19358167,39.09537,
-77.19356833,39.09340667,
-77.19355167,39.09542333,
-77.19353833,39.05285167,
-77.19333167,39.11182333,
-77.19324167,39.03778,
-77.1932,39.05307667,
-77.19314833,39.05312333,
-77.19314667,39.03831833,
-77.193145,39.02565333,
-77.19314,39.09240833,
-77.19313,39.128525,
-77.19312833,39.09611667,
-77.19310667,39.10864833,
-77.19309667,39.14844333,
-77.19306333,39.09621667,
-77.19304,39.14347833,
-77.19301,39.12857167,
-77.192975,39.093305,
-77.19297333,39.04381667,
-77.192915,39.14748333,
-77.192915,39.04450833,
-77.19287333,39.09662833,
-77.19279167,39.04490333,
-77.19274833,39.15028667,
-77.19273,39.14693333,
-77.19270667,39.04233667,
-77.19268667,39.04064167,
-77.19264667,39.04514333,
-77.19262,39.14659667,
-77.19256167,39.14636667,
-77.19248167,39.14537,
-77.192475,39.14547,
-77.192455,39.15138667,
-77.19241833,39.09250333,
-77.192365,39.15210833,
-77.19233833,39.15224833,
-77.19221167,39.153085,
-77.19220167,39.06813333,
-77.19214667,39.13614833,
-77.19210833,39.16230333,
-77.19209333,39.16134667,
-77.19192167,39.15887333,
-77.191895,39.158675,
-77.19186,39.165065,
-77.19185167,39.10107,
-77.19184833,39.16530167,
-77.19184333,39.02511167,
-77.191815,39.15805167,
-77.19170833,39.04608167,
-77.191605,39.16703167,
-77.19153667,39.11063833,
-77.19147667,39.04635,
-77.19136833,39.10076833,
-77.19131333,39.03521333,
-77.19126833,39.06947,
-77.19123167,39.13513,
-77.19118667,39.189585,
-77.19114667,39.05280167,
-77.19107833,39.18948833,
-77.191075,39.03364,
-77.191075,39.03405167,
-77.19104,39.03349167,
-77.19100833,39.07649,
-77.19094333,39.03327333,
-77.190905,39.02587833,
-77.19084,39.02597333,
-77.19081,39.04716667,
-77.19073833,39.09815,
-77.190725,39.07016,
-77.19069,39.03290667,
-77.19055333,39.03268,
-77.19052667,39.10478333,
-77.19047167,39.098445,
-77.19046667,39.04769333,
-77.19045333,39.10506167,
-77.19041833,39.18906833,
-77.19029833,39.09864667,
-77.19027167,39.18899167,
-77.19026333,39.07586333,
-77.19025833,39.07083167,
-77.19022167,39.09871,
-77.19013,39.07572667,
-77.18996167,39.09908833,
-77.18984667,39.03538667,
-77.18981167,39.17197,
-77.18980833,39.02981333,
-77.18979833,39.04852333,
-77.18969667,39.03538167,
-77.18968333,39.054065,
-77.18968167,39.17236833,
-77.18967,39.118065,
-77.18963833,39.1725,
-77.18954167,39.11845,
-77.18953,39.17914833,
-77.18951833,39.07211667,
-77.18950833,39.02926833,
-77.18950167,39.1186,
-77.189485,39.17288333,
-77.18948333,39.11867333,
-77.189395,39.173135,
-77.18935167,39.17339667,
-77.18932833,39.119245,
-77.1892,39.05440333,
-77.18904667,39.04924667,
-77.189035,39.10735,
-77.188945,39.04935,
-77.188935,39.18071333,
-77.18884833,39.04946,
-77.18851333,39.12028,
-77.18847167,39.07425333,
-77.18845167,39.07423167,
-77.18844167,39.07419833,
-77.188145,39.10716667,
-77.18812333,39.035385,
-77.18801,39.05039,
-77.187945,39.107125,
-77.18791833,39.18304333,
-77.18779833,39.035385,
-77.18779333,39.050335,
-77.18772833,39.055395,
-77.18771667,39.12017,
-77.18765,39.05030667,
-77.18745333,39.18486667,
-77.187425,39.18501333,
-77.18741167,39.18506333,
-77.187375,39.06018667,
-77.187355,39.05617667,
-77.18734167,39.12012167,
-77.18731833,39.06091333,
-77.187315,39.05632167,
-77.187265,39.18564167,
-77.18724,39.12014833,
-77.18723833,39.06129167,
-77.18720667,39.05865833,
-77.18718833,39.18596667,
-77.187155,39.05850833,
-77.18714667,39.117585,
-77.18710333,39.050085,
-77.18704667,39.18664667,
-77.187035,39.05808167,
-77.18697667,39.05771833,
-77.18697667,39.18777333,
-77.18696167,39.18705167,
-77.18660333,39.10498,
-77.1866,39.10633333,
-77.18659667,39.06225833,
-77.186145,39.105305,
-77.18597667,39.11752167,
-77.18591333,39.12044833,
-77.18587,39.10396833,
-77.18564167,39.103895,
-77.185455,39.049365,
-77.18532167,39.06375333,
-77.18512833,39.03514167,
-77.18509,39.12042833,
-77.18503333,39.063965,
-77.18498667,39.12039667,
-77.18484167,39.090535,
-77.18481833,39.103355,
-77.18478333,39.114205,
-77.18467833,39.03561833,
-77.18462167,39.09034833,
-77.18448667,39.09144,
-77.18431167,39.11638333,
-77.184275,39.10292833,
-77.18409667,39.12006333,
-77.18405333,39.03560333,
-77.18405,39.08872833,
-77.18404667,39.08865833,
-77.184015,39.09922333,
-77.18401167,39.09662,
-77.18396667,39.08824833,
-77.183935,39.099655,
-77.18383667,39.10257333,
-77.18380333,39.098485,
-77.183735,39.04846833,
-77.18369667,39.06413,
-77.18366833,39.10243667,
-77.18364833,39.09964833,
-77.183465,39.11734167,
-77.18342,39.11781167,
-77.18328167,39.11799833,
-77.18322333,39.11328167,
-77.18319,39.03504333,
-77.18313,39.117215,
-77.183035,39.04780667,
-77.18284667,39.11187,
-77.182755,39.117075,
-77.18267833,39.10143167,
-77.182555,39.119235,
-77.18253,39.08792667,
-77.18238333,39.11051333,
-77.182355,39.06374167,
-77.18210333,39.03430333,
-77.18206333,39.08766333,
-77.18194,39.04674,
-77.18186167,39.06336833,
-77.18183167,39.04663833,
-77.181815,39.10913333,
-77.18173167,39.04653667,
-77.1817,39.034135,
-77.181645,39.10861333,
-77.18163667,39.10861333,
-77.18148,39.10836,
-77.18142167,39.04623333,
-77.181395,39.03399833,
-77.18130167,39.0621,
-77.18119,39.06244,
-77.18109167,39.06289167,
-77.18101,39.06283667,
-77.18091333,39.11634833,
-77.18088667,39.033775,
-77.18088667,39.045655,
-77.18044,39.04511167,
-77.18034167,39.045015,
-77.180325,39.03352833,
-77.18018333,39.11605167,
-77.18008,39.13918333,
-77.17994667,39.03336667,
-77.17992167,39.04523833,
-77.17990167,39.10629667,
-77.17978333,39.08793,
-77.179455,39.03317167,
-77.17936,39.05623167,
-77.17935333,39.13822667,
-77.17933,39.13973167,
-77.17919667,39.11561167,
-77.17914667,39.05611667,
-77.17911833,39.10511333,
-77.17903,39.0881,
-77.17896833,39.05602333,
-77.17889167,39.10479833,
-77.17872333,39.04673167,
-77.17869167,39.05588833,
-77.17866667,39.088755,
-77.17862167,39.13749833,
-77.17853833,39.04821167,
-77.17853333,39.04828667,
-77.17846833,39.048835,
-77.17821167,39.14117833,
-77.17819333,39.049915,
-77.17815,39.032745,
-77.17804,39.05029167,
-77.178,39.10342,
-77.177895,39.10324333,
-77.17789167,39.141535,
-77.17789167,39.05952,
-77.17789,39.03264333,
-77.17781833,39.03227833,
-77.17780833,39.05566833,
-77.17725667,39.05564333,
-77.17719333,39.13626167,
-77.17715333,39.08766,
-77.17707333,39.087575,
-77.17704667,39.10205833,
-77.17692667,39.12230167,
-77.176875,39.087285,
-77.176805,39.14258333,
-77.17659667,39.08679333,
-77.17641833,39.08648833,
-77.17621333,39.05166667,
-77.17618667,39.12381333,
-77.17617833,39.12177667,
-77.1761,39.051725,
-77.17597333,39.05570833,
-77.17593167,39.0309,
-77.17585833,39.11513667,
-77.17582667,39.05571333,
-77.17582333,39.12416333,
-77.17541667,39.12460333,
-77.17540333,39.11244167,
-77.17537,39.13319667,
-77.17523333,39.11192,
-77.17522,39.13483167,
-77.17521667,39.08531667,
-77.17520833,39.132495,
-77.17518167,39.13230167,
-77.17516667,39.11254167,
-77.17514833,39.1321,
-77.17512667,39.13199667,
-77.17511833,39.11167167,
-77.17510667,39.11576333,
-77.17504833,39.13169833,
-77.17503,39.11149833,
-77.17499333,39.13149833,
-77.17498333,39.08350833,
-77.17486667,39.111225,
-77.174805,39.12089833,
-77.17479667,39.084045,
-77.17477833,39.14340667,
-77.17477,39.13522667,
-77.17476667,39.12530833,
-77.17469167,39.110905,
-77.17469,39.05241833,
-77.17449833,39.110705,
-77.17449167,39.08467,
-77.17438667,39.08212833,
-77.17437,39.12928833,
-77.17437,39.11580167,
-77.17434667,39.14352,
-77.17430667,39.082075,
-77.174285,39.12891667,
-77.17424,39.12867167,
-77.17400833,39.14361333,
-77.17399,39.15093333,
-77.17398833,39.12050167,
-77.17385,39.120435,
-77.173645,39.11328333,
-77.17356,39.15131333,
-77.17346333,39.115165,
-77.17323667,39.11354833,
-77.17319167,39.11498667,
-77.17307833,39.03046833,
-77.17304167,39.15166333,
-77.173005,39.11371,
-77.173,39.030465,
-77.17281833,39.03045167,
-77.17271833,39.08160333,
-77.17255167,39.11406167,
-77.172435,39.11416167,
-77.1721,39.11945167,
-77.17208667,39.08111333,
-77.17203333,39.08104333,
-77.17198667,39.11185333,
-77.17184,39.14515667,
-77.17176833,39.03060667,
-77.17163167,39.11222,
-77.17162833,39.105205,
-77.17148167,39.03065667,
-77.17137167,39.07951333,
-77.17137167,39.07959833,
-77.17094,39.07867167,
-77.17077833,39.03080833,
-77.17063833,39.03083833,
-77.17058167,39.14853833,
-77.17041667,39.07796833,
-77.17022167,39.07773667,
-77.17020333,39.05294833,
-77.16991333,39.0775,
-77.16987833,39.05620667,
-77.16982833,39.031035,
-77.169755,39.077405,
-77.16973333,39.052945,
-77.16961333,39.10622167,
-77.16959333,39.147105,
-77.16951833,39.07525833,
-77.16935167,39.07021,
-77.16934,39.07716333,
-77.16931333,39.069355,
-77.169195,39.10639333,
-77.16909833,39.07670167,
-77.16907333,39.03102333,
-77.16905167,39.10644,
-77.16900667,39.02739333,
-77.168965,39.07310833,
-77.16896167,39.06901167,
-77.168865,39.073215,
-77.16866667,39.11398667,
-77.16854167,39.07410333,
-77.168505,39.02861167,
-77.168445,39.11788333,
-77.168435,39.07398333,
-77.168385,39.073635,
-77.16830167,39.02990167,
-77.16826,39.02352167,
-77.16811,39.02965,
-77.16807333,39.02307,
-77.16804667,39.09513667,
-77.16803833,39.09528833,
-77.16787667,39.11424833,
-77.16784167,39.07203667,
-77.16784167,39.029105,
-77.16780667,39.05610333,
-77.16777333,39.11429333,
-77.16773167,39.095805,
-77.16750667,39.09613667,
-77.16749667,39.12847333,
-77.167475,39.09487167,
-77.167425,39.08811167,
-77.16741667,39.07136,
-77.16738667,39.08784833,
-77.16736,39.08820167,
-77.16720167,39.12790167,
-77.16717167,39.04643833,
-77.167145,39.12781833,
-77.16714,39.05559667,
-77.16708167,39.12773667,
-77.16707667,39.09673,
-77.16706667,39.04644,
-77.16698333,39.10687,
-77.16695667,39.15557,
-77.16692,39.04516167,
-77.16688167,39.12901833,
-77.16684833,39.10719,
-77.166825,39.052715,
-77.16680667,39.089295,
-77.16676667,39.15567167,
-77.16670833,39.08962667,
-77.16670333,39.08788333,
-77.16651167,39.15577667,
-77.16650333,39.04488167,
-77.16646833,39.09768667,
-77.16644167,39.11785167,
-77.16633667,39.09789833,
-77.16632333,39.044885,
-77.16627167,39.11782167,
-77.16623833,39.12917833,
-77.16614167,39.046615,
-77.16609333,39.06715,
-77.16609167,39.05559167,
-77.166025,39.11579333,
-77.16595,39.09455667,
-77.16593,39.126245,
-77.16582,39.10791833,
-77.165785,39.09097333,
-77.16573,39.12596667,
-77.16572,39.107895,
-77.16557333,39.098725,
-77.16552333,39.04492667,
-77.16531167,39.11649833,
-77.165265,39.11751167,
-77.16515833,39.04459,
-77.16515333,39.09453833,
-77.16508667,39.11670667,
-77.16502,39.117375,
-77.16498667,39.12496167,
-77.16488167,39.09452333,
-77.16468167,39.06658667,
-77.164665,39.10749,
-77.164665,39.12958833,
-77.16465667,39.099225,
-77.16465167,39.04401,
-77.16462167,39.09924167,
-77.16455333,39.04176667,
-77.16444833,39.042555,
-77.16439167,39.04370833,
-77.164375,39.09131,
-77.16437333,39.04152833,
-77.16432,39.054345,
-77.16427333,39.10772333,
-77.16412833,39.042745,
-77.16407167,39.09448167,
-77.16388667,39.05396167,
-77.16387833,39.10801333,
-77.16384167,39.050315,
-77.16381667,39.05393,
-77.16376,39.12983833,
-77.16359333,39.087445,
-77.16357667,39.02298667,
-77.163445,39.1119,
-77.16340167,39.047295,
-77.16333333,39.08739833,
-77.163325,39.123955,
-77.16329,39.04733333,
-77.16325833,39.10852,
-77.16324833,39.08738333,
-77.16319333,39.130035,
-77.16318167,39.09439333,
-77.16317167,39.11140167,
-77.16313,39.02303167,
-77.162935,39.11092333,
-77.16291667,39.11089333,
-77.16287333,39.110815,
-77.16275,39.07678667,
-77.162715,39.07631667,
-77.16267667,39.06669167,
-77.162665,39.07696667,
-77.162655,39.04852333,
-77.16258833,39.10947333,
-77.16242667,39.02265333,
-77.16241167,39.02253667,
-77.16224833,39.05561167,
-77.162245,39.06683667,
-77.16219333,39.04133167,
-77.16217333,39.10339,
-77.16214,39.10064833,
-77.16211333,39.05583167,
-77.16208667,39.10431833,
-77.16207833,39.10072,
-77.16206667,39.11236167,
-77.162045,39.10276,
-77.16191167,39.09208167,
-77.16178833,39.092585,
-77.16177333,39.10107833,
-77.16175833,39.09351833,
-77.161745,39.10433333,
-77.16171667,39.09287167,
-77.16168833,39.09348167,
-77.16152667,39.07943333,
-77.16151833,39.066845,
-77.16148167,39.07953167,
-77.16147833,39.041145,
-77.16144167,39.11269833,
-77.16144,39.14914833,
-77.161435,39.06673667,
-77.161375,39.14935,
-77.161365,39.05862167,
-77.16134667,39.06644833,
-77.16133,39.05833833,
-77.16132833,39.12331,
-77.16132333,39.05729167,
-77.16126833,39.05783667,
-77.16123167,39.05998,
-77.16117667,39.112995,
-77.16110667,39.14973833,
-77.16103667,39.065655,
-77.16102167,39.14782833,
-77.16094833,38.99204667,
-77.16091833,39.11328667,
-77.16083167,39.14992667,
-77.160815,39.08702833,
-77.160815,39.061475,
-77.16071167,39.15857333,
-77.16067167,39.06277667,
-77.16064667,38.99672667,
-77.16064333,39.13159333,
-77.16063,39.08112833,
-77.16062167,38.99757,
-77.16062,38.99565333,
-77.16058167,38.99606333,
-77.16051833,39.11372,
-77.160475,39.12256,
-77.16038167,39.01495833,
-77.16036667,39.14713,
-77.16035333,39.15020667,
-77.16031667,38.998785,
-77.16031333,39.08696833,
-77.160265,39.15880833,
-77.16020333,39.08162833,
-77.16019833,38.99166333,
-77.16017333,39.01207667,
-77.160015,39.01073167,
-77.16001167,39.08184833,
-77.16000167,39.13218833,
-77.15996167,39.12200167,
-77.15991833,39.00953167,
-77.15982667,39.11448333,
-77.159735,39.006745,
-77.15973,39.08214333,
-77.159715,39.00651167,
-77.15968333,39.04088167,
-77.15962333,39.14616333,
-77.15962333,39.00524833,
-77.15960167,39.14611167,
-77.15956333,39.10381167,
-77.15953333,39.12154667,
-77.159385,39.13277833,
-77.15937833,39.145565,
-77.15928833,38.991335,
-77.15919333,38.99130667,
-77.15917333,38.9913,
-77.15895833,39.14354167,
-77.15893833,39.15141667,
-77.15887667,39.103025,
-77.15877,39.102895,
-77.15875833,39.08278833,
-77.15875333,39.04068,
-77.15874167,39.14438667,
-77.158705,38.99118667,
-77.15857667,39.15743833,
-77.15850167,39.14406167,
-77.158435,39.04055167,
-77.15833,39.08300333,
-77.15828,38.99113333,
-77.15815,39.11483833,
-77.15813,39.15718667,
-77.15812167,39.10594333,
-77.15808167,39.04041667,
-77.15782,39.14278167,
-77.157755,39.078125,
-77.157755,39.105455,
-77.15753333,39.15116333,
-77.15751167,39.13451667,
-77.15747667,39.083445,
-77.157405,38.991045,
-77.15722333,38.99102667,
-77.15717167,39.11995833,
-77.1571,39.11487667,
-77.15709333,39.11491667,
-77.15708167,39.13492667,
-77.157045,39.118075,
-77.15704,38.99101333,
-77.15698167,39.08678667,
-77.15674833,39.10309167,
-77.15670333,39.15633167,
-77.15660833,39.15624333,
-77.15660667,39.14240333,
-77.15641667,39.10660167,
-77.15641167,39.03952167,
-77.15621167,39.15589333,
-77.15616833,39.10348167,
-77.15615833,39.10344667,
-77.156155,39.03930667,
-77.156105,39.07883333,
-77.15599167,39.08316167,
-77.155965,39.07889833,
-77.15583333,39.14216833,
-77.15572833,39.15548167,
-77.15570333,39.07903333,
-77.155585,39.06405667,
-77.15552333,39.08675833,
-77.15542,39.06216167,
-77.155385,39.06204,
-77.15523167,39.13670167,
-77.15517333,39.06128,
-77.15512833,39.13679833,
-77.15509167,39.06101167,
-77.15494,39.10657833,
-77.15491333,39.13699167,
-77.15485,39.03801333,
-77.15478167,39.079505,
-77.15476,39.154675,
-77.154615,39.150205,
-77.15460833,38.990615,
-77.15455667,39.079615,
-77.15452167,39.13738,
-77.15433333,39.15424333,
-77.154315,39.03752,
-77.154315,39.07972,
-77.15416,39.08675833,
-77.15396333,39.14971167,
-77.1538,39.14960667,
-77.153785,39.14152833,
-77.15373833,39.08676333,
-77.15373333,38.99039333,
-77.15372667,39.14957,
-77.153595,39.15356833,
-77.15355,39.08006167,
-77.15353333,39.05909,
-77.15342833,39.14941333,
-77.153415,39.15342667,
-77.15337,39.08677667,
-77.15335667,39.14139167,
-77.153095,39.15322833,
-77.15294667,39.066795,
-77.152845,39.07590667,
-77.15270833,39.03677333,
-77.152645,39.13983833,
-77.152645,38.99019833,
-77.15261833,39.14114833,
-77.15257833,39.05869333,
-77.15243167,39.08690167,
-77.15234167,39.14041333,
-77.152325,39.10655167,
-77.152245,39.05853833,
-77.15216333,39.15277667,
-77.152035,39.15270333,
-77.15198167,39.08685,
-77.15194167,39.08320167,
-77.151815,39.06676333,
-77.15180333,39.07769833,
-77.15178667,39.058185,
-77.15172333,39.03668667,
-77.1517,39.077885,
-77.15158333,39.07810333,
-77.15151,39.078225,
-77.15126833,39.106535,
-77.15121,39.086875,
-77.151135,39.08105667,
-77.15112833,38.99218333,
-77.15107667,39.07466333,
-77.15105833,39.05750833,
-77.151035,39.07902333,
-77.15103167,39.07425833,
-77.151025,39.07441667,
-77.151015,39.07343667,
-77.150645,39.05713833,
-77.150545,39.05704667,
-77.1505,39.08721667,
-77.15047333,39.09403167,
-77.15042,39.08010333,
-77.15039667,39.09380333,
-77.15031667,39.08074667,
-77.15026333,39.080395,
-77.15025333,39.10655667,
-77.15025,39.08072,
-77.15019167,39.082505,
-77.15015667,39.09319667,
-77.15011,39.03675,
-77.15001333,39.10655833,
-77.15001167,39.09283833,
-77.14998333,38.99366667,
-77.14990167,39.10655833,
-77.14986333,38.99382833,
-77.14985167,39.08680167,
-77.14978,39.09225833,
-77.14968333,39.09201167,
-77.149645,39.08656333,
-77.14960333,39.09463,
-77.14960167,39.10656667,
-77.14954,39.05601167,
-77.14951,39.08641167,
-77.14948167,39.09151833,
-77.149475,39.09465333,
-77.14937833,38.99458333,
-77.14920167,39.02465833,
-77.14919667,39.05551333,
-77.14909167,39.05549167,
-77.149085,39.09055833,
-77.14905667,39.08200833,
-77.149005,39.07150667,
-77.14898833,39.08577333,
-77.148975,39.05547167,
-77.14893333,38.99526167,
-77.14888167,39.07149667,
-77.14882,38.99538833,
-77.14874,39.09476167,
-77.14873667,39.06806667,
-77.148715,39.08965,
-77.14867667,39.08954833,
-77.14847,39.08905333,
-77.14847,39.02573,
-77.14828833,39.07149,
-77.14827,39.08516667,
-77.14823833,39.08849667,
-77.14817333,39.07149167,
-77.14804667,39.08162167,
-77.14789667,39.08157167,
-77.14789,39.02642333,
-77.14779333,39.02654167,
-77.147735,39.09489333,
-77.1477,39.08718333,
-77.147635,39.08699667,
-77.14757167,39.05522667,
-77.14752,39.026965,
-77.14739167,39.08522167,
-77.14734167,39.08146667,
-77.14731167,39.08524,
-77.14727167,39.03014333,
-77.14723167,39.02222167,
-77.14718,39.02944833,
-77.14706667,39.08527833,
-77.14704,39.06887,
-77.14696333,39.07136667,
-77.14694667,39.03248167,
-77.14671833,39.06895167,
-77.14662833,39.02210667,
-77.14641667,38.99845167,
-77.14638833,38.998485,
-77.14620833,38.998715,
-77.14614667,39.09483833,
-77.14571167,38.99928,
-77.14569333,39.069155,
-77.14569333,39.021955,
-77.14565167,39.09481,
-77.14564833,39.07115,
-77.14546833,39.09479167,
-77.14542833,39.07116667,
-77.14502667,39.09479,
-77.14492833,39.07119667,
-77.14472667,39.00047333,
-77.14448333,39.00079833,
-77.14440167,39.000925,
-77.144215,39.07124333,
-77.14404167,39.09481,
-77.143835,39.093995,
-77.14376333,39.09366333,
-77.14353,39.069595,
-77.14304,39.069705,
-77.14291833,39.02178,
-77.14289333,39.00265,
-77.14262,39.103595,
-77.14257167,39.02175667,
-77.14253667,39.10347833,
-77.14233333,39.09371333,
-77.14222833,39.071355,
-77.14218833,39.069875,
-77.141675,39.07000667,
-77.14166333,39.10221167,
-77.14158,39.102095,
-77.14151333,39.07005833,
-77.14146833,39.021665,
-77.14141,39.08062667,
-77.14111167,39.009155,
-77.14111167,39.01062167,
-77.14092833,39.004945,
-77.14092,39.07032833,
-77.14085,39.00882667,
-77.14081167,39.071415,
-77.14077667,39.00878833,
-77.14077333,39.08049167,
-77.14057667,39.008655,
-77.14041667,39.09366333,
-77.14030833,39.09364167,
-77.14030333,39.10061667,
-77.14025333,39.00563,
-77.140035,39.021645,
-77.13982333,39.00613667,
-77.13980833,39.010875,
-77.13955,39.02163333,
-77.13942667,39.00814333,
-77.13938333,39.02162833,
-77.13937833,39.099875,
-77.13929333,39.00680333,
-77.13904167,39.021615,
-77.13900167,39.00713,
-77.138995,39.08011,
-77.138675,39.0108,
-77.138615,39.007535,
-77.138545,39.007605,
-77.13811333,39.01064333,
-77.13806333,39.09395333,
-77.138045,39.05391833,
-77.1378,39.010545,
-77.13760167,39.09409833,
-77.13742167,39.01045,
-77.13737,39.08182167,
-77.13725333,39.08213833,
-77.13723333,39.09834833,
-77.13705167,39.09381833,
-77.13700333,39.082795,
-77.13687833,39.08312167,
-77.13672,39.083565,
-77.1362,39.101605,
-77.136155,39.10065333,
-77.136,39.05326,
-77.13568667,39.10297333,
-77.13548667,39.09346333,
-77.13496167,39.02196667,
-77.13488833,39.02192,
-77.13476167,39.09347333,
-77.13474333,38.99004333,
-77.13466333,39.02135833,
-77.13461667,39.02110333,
-77.13457167,39.09348667,
-77.13453333,38.98943167,
-77.13448667,39.08440667,
-77.13447167,38.989295,
-77.13447,39.10397333,
-77.13433167,38.98892167,
-77.13426667,38.98875,
-77.13419,39.01030833,
-77.13411833,38.99032167,
-77.13401,39.04304,
-77.13398667,39.043245,
-77.13393667,39.04365,
-77.13385,39.044185,
-77.13384,39.04161667,
-77.13383667,39.09363167,
-77.13381167,39.01027,
-77.133755,39.08429333,
-77.13365167,39.04107333,
-77.13363,39.04509,
-77.133605,39.01877833,
-77.133575,39.05339,
-77.13356167,39.04086667,
-77.13349667,38.99136667,
-77.133465,39.04070833,
-77.13344667,39.10445,
-77.13342667,39.01858667,
-77.13327833,39.01084833,
-77.13325833,39.040565,
-77.13321333,39.01258667,
-77.13321,39.012685,
-77.13320833,39.0129,
-77.13320167,39.01390167,
-77.13314,39.016065,
-77.13310667,39.01643667,
-77.13306833,39.01769667,
-77.13301333,39.046065,
-77.13300833,38.98784333,
-77.13297,39.05333167,
-77.13295333,39.10462333,
-77.13292833,39.04054833,
-77.13276,38.98769333,
-77.13271,38.99207667,
-77.13249333,39.10491833,
-77.13247167,39.04648833,
-77.13237333,39.105005,
-77.13233833,38.98718333,
-77.13233167,39.03718667,
-77.13229333,39.03751167,
-77.132285,39.03765167,
-77.13223333,39.05325333,
-77.13218667,39.03908833,
-77.13216333,39.03927833,
-77.13203333,39.09350833,
-77.131815,39.04038167,
-77.13176833,38.99291667,
-77.13164333,39.09297167,
-77.13159833,38.99306667,
-77.13158167,39.08391667,
-77.13146833,39.10575167,
-77.13137,38.993285,
-77.13133333,38.98715667,
-77.13103,39.03592,
-77.13101333,39.09203167,
-77.13093333,39.09192833,
-77.13091667,39.05312333,
-77.13081667,38.98729833,
-77.1308,39.04609833,
-77.13055333,39.04603,
-77.13040333,38.99411833,
-77.13039167,39.09132667,
-77.13030333,39.09123667,
-77.13023667,38.994265,
-77.130115,38.99437667,
-77.13000167,38.994485,
-77.12985167,39.09086,
-77.129805,38.98757833,
-77.12977,39.04557833,
-77.12954167,39.05295667,
-77.129295,39.04369833,
-77.12915667,39.04362333,
-77.12905667,38.98775833,
-77.12905,38.99594667,
-77.12903333,38.99603,
-77.12841833,38.99631667,
-77.128375,39.06277333,
-77.12825667,39.06137,
-77.12812,39.05281833,
-77.128065,38.996185,
-77.12783833,39.05280667,
-77.12778833,38.98807667,
-77.12773167,39.060715,
-77.12762,39.05279,
-77.12754833,39.035185,
-77.12749333,39.04407833,
-77.127475,38.98789833,
-77.127455,38.98688333,
-77.12739,39.04409667,
-77.12738667,39.06343,
-77.12737667,39.052765,
-77.127355,39.06023333,
-77.12721333,38.98634833,
-77.12720167,39.03511833,
-77.12717833,39.04412667,
-77.12715667,39.084235,
-77.12688333,39.084115,
-77.12688,39.106455,
-77.126795,39.05270833,
-77.12670667,39.05270167,
-77.12668333,39.02948833,
-77.12650833,39.10630333,
-77.12647833,39.028495,
-77.12643167,39.058915,
-77.12641,39.02796167,
-77.126395,39.02782333,
-77.126395,39.05872167,
-77.12637667,39.034935,
-77.12631833,39.02700333,
-77.12626833,39.06412833,
-77.126215,39.05692,
-77.12620833,39.06412167,
-77.12616,39.02620667,
-77.12614833,39.05630833,
-77.12607833,39.05572833,
-77.12603333,39.08373167,
-77.126,39.05452333,
-77.12599833,39.05419,
-77.12598,39.06392167,
-77.12597,38.98233333,
-77.12594667,38.98221833,
-77.12574167,38.98124667,
-77.12571667,39.02531333,
-77.12555667,39.03466833,
-77.12546167,39.08362167,
-77.12524,39.03429667,
-77.125205,39.02458667,
-77.12515167,38.98025833,
-77.12503167,39.09190167,
-77.12485,39.02410667,
-77.12453167,38.979175,
-77.12435833,39.00332167,
-77.124235,39.08349667,
-77.12421333,39.00314167,
-77.12414833,39.06184,
-77.12413167,39.00461667,
-77.12403333,39.08347333,
-77.12386667,39.092385,
-77.12378833,38.97422333,
-77.123705,38.99476833,
-77.12370167,39.02264833,
-77.12360833,39.00947833,
-77.123495,39.00684,
-77.12344333,39.005665,
-77.12342833,39.00537833,
-77.12341667,39.00507333,
-77.12337667,39.009705,
-77.12335667,39.00278333,
-77.12334,39.09258833,
-77.123285,39.002125,
-77.12305,38.97376667,
-77.12277,39.02288167,
-77.12272167,39.00118167,
-77.12259167,38.99396333,
-77.12248167,38.99388,
-77.12242167,39.04467,
-77.122345,39.06669667,
-77.12226833,39.06518833,
-77.12226667,39.02348167,
-77.12226667,38.99372167,
-77.12223333,39.02353167,
-77.12223,39.06516167,
-77.12217,39.08304833,
-77.12215333,39.02364667,
-77.12210667,39.02370833,
-77.12201667,39.00111,
-77.121925,39.04468333,
-77.12187333,39.064925,
-77.121805,39.111425,
-77.12180333,39.11199333,
-77.121795,39.11086333,
-77.121745,39.13459167,
-77.12173667,39.00108,
-77.12172333,39.00998,
-77.12171667,39.08298333,
-77.12167,39.13284167,
-77.12165667,39.114095,
-77.12153333,39.04471167,
-77.121495,39.082995,
-77.12135833,39.11542833,
-77.12134333,39.13504667,
-77.12134,39.13248333,
-77.12131667,39.06682667,
-77.12127833,39.04472667,
-77.12123667,39.01922833,
-77.12117833,39.11573,
-77.121175,39.01912,
-77.12111833,39.06684833,
-77.12104667,39.04473333,
-77.12101333,39.06386167,
-77.12094333,39.08310167,
-77.12093,39.01973167,
-77.12082,39.01973167,
-77.120795,39.13191167,
-77.12068,39.05787333,
-77.12066,38.97214167,
-77.12064667,39.044835,
-77.120615,39.08322333,
-77.12044,39.06388167,
-77.12043667,39.00098333,
-77.12038167,39.04528,
-77.12030667,39.06397167,
-77.12022,39.13128833,
-77.12022,39.08341833,
-77.12010167,39.13746167,
-77.12008333,39.117745,
-77.12002667,39.13759667,
-77.12,39.11789167,
-77.11990167,39.01682667,
-77.11981833,39.00101833,
-77.11981667,39.0466,
-77.119805,39.02496833,
-77.119765,39.04669833,
-77.11976,39.13814167,
-77.11971,38.97146333,
-77.11968167,39.05672167,
-77.11957833,39.08308,
-77.11957167,38.99327333,
-77.11955167,39.083045,
-77.11946833,39.05649667,
-77.119435,39.14325833,
-77.11938,39.06716,
-77.11935167,39.14353333,
-77.11932,39.06459,
-77.119265,39.14379833,
-77.11925167,39.05630667,
-77.11918833,39.015515,
-77.11918833,39.06719167,
-77.11914,38.97115167,
-77.11912333,39.119325,
-77.11910167,39.0563,
-77.11908667,39.130045,
-77.11904833,39.08321,
-77.11889,39.01502167,
-77.11879,39.02539667,
-77.11874833,39.02221,
-77.11868167,39.06732833,
-77.11866833,39.02173833,
-77.11863333,39.02127833,
-77.118555,39.02029333,
-77.11852,39.02277167,
-77.11851833,39.01986667,
-77.118335,39.02294833,
-77.118305,39.14551833,
-77.11820667,39.02305667,
-77.11819833,39.04894,
-77.11809167,39.023155,
-77.11808333,39.08406833,
-77.11806,39.12916667,
-77.11801333,39.011385,
-77.11783,38.99299,
-77.11781667,39.023405,
-77.11775833,39.04903833,
-77.11773667,38.970715,
-77.117675,39.12891,
-77.11765,39.023995,
-77.11761667,39.024155,
-77.11759,38.99296833,
-77.11753833,39.02431333,
-77.1175,39.01317,
-77.11722833,39.01152833,
-77.11722,39.08417167,
-77.11714333,39.02494833,
-77.11710667,39.02524,
-77.117105,38.992895,
-77.11708833,39.064055,
-77.11708333,39.01264667,
-77.117045,39.06923,
-77.11698833,39.064015,
-77.11688167,39.12827833,
-77.11684167,39.08395333,
-77.11674333,38.99283667,
-77.116645,39.12797833,
-77.11641167,39.06961167,
-77.116365,39.06242167,
-77.11635667,39.06964333,
-77.11633833,39.062995,
-77.11631833,39.06173333,
-77.11626167,39.06167667,
-77.11626,39.12157167,
-77.11623833,39.07062833,
-77.11618667,39.06973,
-77.116185,39.12698667,
-77.11615,39.063565,
-77.11600333,39.07010333,
-77.11599167,39.06166667,
-77.11598333,39.14817,
-77.11593333,38.99267333,
-77.11568333,39.07253,
-77.11562167,39.07416833,
-77.115605,39.04943,
-77.11559667,39.07458667,
-77.115595,39.07454167,
-77.11558833,39.074715,
-77.11558167,39.12403333,
-77.11557167,39.12392667,
-77.115515,39.08304333,
-77.11551333,39.123145,
-77.11542667,39.03555,
-77.11536667,39.08290167,
-77.11536167,39.12251,
-77.11530167,39.00080833,
-77.115265,38.97040167,
-77.11518333,39.14874833,
-77.11490167,39.08247167,
-77.11490167,38.97034833,
-77.11474,39.049605,
-77.11463833,39.030695,
-77.11463333,39.08221167,
-77.11452833,39.03585667,
-77.11445333,39.00052167,
-77.114445,39.074525,
-77.11438333,39.03594,
-77.11434167,39.09465833,
-77.11432333,38.99236,
-77.11373667,39.08117167,
-77.11366833,39.09482667,
-77.11357833,39.04979333,
-77.11357,39.14884167,
-77.11355167,39.03028,
-77.11352833,39.06164333,
-77.11340167,39.03713333,
-77.11339,39.06163833,
-77.11335833,39.05567,
-77.11324333,39.05556333,
-77.11307333,39.07503167,
-77.11298667,39.07965333,
-77.11290833,38.969975,
-77.11286,39.09504833,
-77.11284167,39.07934167,
-77.11272667,38.99202167,
-77.11266,39.04013833,
-77.11256833,39.029925,
-77.11231833,39.054765,
-77.112265,39.14844167,
-77.11215,39.07568,
-77.11214833,38.99197333,
-77.11214,39.06144333,
-77.11193833,38.991965,
-77.1119,39.04016833,
-77.11185167,38.99196333,
-77.11177667,39.148275,
-77.11170667,39.06095667,
-77.11163333,38.96956667,
-77.11159167,38.99196833,
-77.11156,39.07638167,
-77.11149167,39.044725,
-77.11148333,39.02953167,
-77.11147667,39.04475667,
-77.111475,39.044625,
-77.11138,39.06023333,
-77.111285,39.04416333,
-77.11120333,39.04484,
-77.11108833,39.05957,
-77.11091667,38.99204833,
-77.11081167,39.05333167,
-77.11074,39.05884667,
-77.11063833,39.04283167,
-77.110605,39.029265,
-77.11031667,39.04218833,
-77.11017167,39.057675,
-77.110115,39.029125,
-77.110015,39.05003667,
-77.10924833,39.05021667,
-77.10912333,39.148675,
-77.10904333,39.05033833,
-77.10903833,38.96837667,
-77.10895167,39.02906333,
-77.10891667,39.05039333,
-77.10868833,39.05341833,
-77.108555,39.053425,
-77.10851833,39.02914167,
-77.10840833,39.05341167,
-77.10829333,39.05648,
-77.10816333,39.056435,
-77.10805833,38.96779167,
-77.10797,39.09673167,
-77.10791,39.029355,
-77.10790667,39.05344333,
-77.10779667,38.99300167,
-77.10776333,39.02943833,
-77.10750667,39.09689333,
-77.10737167,39.04491167,
-77.10735833,38.992875,
-77.10731667,39.05574833,
-77.107165,39.04947,
-77.10710667,39.02984667,
-77.10707833,39.0535,
-77.10694833,39.029995,
-77.10685833,39.05476,
-77.10676833,39.05405,
-77.10676333,39.05394833,
-77.10675667,39.030025,
-77.106525,39.04496,
-77.10648333,39.03004,
-77.10612333,39.15032167,
-77.105945,39.088225,
-77.10587,39.08847333,
-77.10577833,38.97625167,
-77.10570667,39.08715333,
-77.10568333,38.96659667,
-77.10552,38.99164333,
-77.105475,39.04805167,
-77.10543333,38.96680833,
-77.10539333,38.96898667,
-77.10533833,38.97121,
-77.10530667,38.96961667,
-77.10528,38.96995,
-77.10527167,39.089505,
-77.105265,38.96851833,
-77.10526333,38.97009833,
-77.10525,38.97017167,
-77.10521667,39.04772333,
-77.10515667,39.04732667,
-77.10513667,39.04703167,
-77.105135,38.96706833,
-77.10512333,39.08971333,
-77.10511667,38.97709333,
-77.10506833,39.08582,
-77.10498167,38.97711,
-77.10497167,39.15051167,
-77.10493833,38.97476833,
-77.104925,38.96731167,
-77.10492167,38.96773667,
-77.10491167,39.08547,
-77.1049,38.9747,
-77.10486667,38.973165,
-77.10476167,38.97340833,
-77.10465667,38.97367,
-77.10457667,38.97413667,
-77.10372833,39.08353833,
-77.10362833,39.09022833,
-77.103565,38.99046167,
-77.103485,39.083255,
-77.10347333,38.97731,
-77.10269333,38.98994,
-77.102435,39.15112667,
-77.10190167,39.09089333,
-77.10171167,39.09881,
-77.10158,39.09092167,
-77.101305,39.09092833,
-77.10117833,39.08121167,
-77.10098333,38.98888167,
-77.10094833,39.09091833,
-77.10094667,39.09903333,
-77.10093167,39.08104333,
-77.10035167,38.97775833,
-77.100325,39.15154333,
-77.10003333,39.08040333,
-77.10003167,38.98828667,
-77.09958,38.98801667,
-77.09948333,39.08010333,
-77.09947167,38.987955,
-77.09945167,39.09945333,
-77.09937,38.987895,
-77.09921,39.08003333,
-77.09918,38.987785,
-77.09897667,39.09068833,
-77.09887333,39.09066,
-77.09877,39.09063,
-77.09873333,38.97820167,
-77.098715,38.97834667,
-77.09849833,39.090535,
-77.09848167,39.14989833,
-77.098465,38.98429,
-77.098355,38.98219167,
-77.098305,39.09046167,
-77.09829333,39.14978333,
-77.09828167,38.98009,
-77.09800167,39.14962167,
-77.09749667,38.98686,
-77.0974,39.08041833,
-77.09738833,38.98472,
-77.09726833,38.98471333,
-77.09686167,38.98476167,
-77.09673167,39.10328667,
-77.09659833,39.10309833,
-77.09656833,38.98431333,
-77.09656333,38.986465,
-77.09654,38.98166333,
-77.09646167,38.98390167,
-77.09644333,38.98150833,
-77.09644167,38.983715,
-77.09640667,39.14865,
-77.096355,39.10370333,
-77.09632667,38.98334167,
-77.09630167,39.10266167,
-77.09628,39.10372833,
-77.09614833,38.98727833,
-77.096145,38.987485,
-77.09613667,38.98799667,
-77.09612,39.10378167,
-77.09597167,39.102215,
-77.09594833,39.10383833,
-77.09588,39.1021,
-77.09558333,38.98106333,
-77.09557,39.14812833,
-77.09521333,39.12022833,
-77.09518833,39.101565,
-77.09514667,38.98077833,
-77.09507,39.12037167,
-77.09505,39.10146833,
-77.09503667,39.08368167,
-77.09492333,39.12054,
-77.09485333,39.10425,
-77.09481333,39.08374833,
-77.09465167,39.10115167,
-77.09451333,39.14752,
-77.09448,38.98042167,
-77.09439833,38.98038667,
-77.09430333,39.146065,
-77.09423667,39.12126667,
-77.09402167,39.11899167,
-77.09389167,38.98008833,
-77.09351,39.11261333,
-77.09339333,39.11282,
-77.09338833,39.111875,
-77.09331333,39.118745,
-77.09311,39.11178333,
-77.09303167,39.11175833,
-77.09300833,39.122695,
-77.09295,39.10489,
-77.0929,39.11377,
-77.09282833,39.11391,
-77.09273833,39.11409333,
-77.09263833,38.97999,
-77.09245167,39.111545,
-77.09231833,39.11479333,
-77.09229833,39.11482333,
-77.09210167,39.115155,
-77.09208333,39.10532333,
-77.09196333,38.979265,
-77.09193667,39.11136167,
-77.09193,39.14199,
-77.09192167,39.11548,
-77.09189,39.14255,
-77.09182833,39.11564667,
-77.09176167,39.11575833,
-77.091635,39.14073833,
-77.09158167,39.116105,
-77.09156667,39.11813667,
-77.09148667,39.11629333,
-77.09137833,39.116485,
-77.09130833,39.14025167,
-77.09128333,38.97821833,
-77.09127833,39.11665667,
-77.09122667,39.10585833,
-77.09120667,39.140135,
-77.09118333,39.08288167,
-77.09115667,39.116835,
-77.091135,38.97794167,
-77.09113,39.10594333,
-77.0911,39.14001333,
-77.09099,39.139905,
-77.09087333,39.13981167,
-77.09082333,39.11748667,
-77.09078,39.11102667,
-77.09075167,38.97707833,
-77.090745,39.117885,
-77.09071,39.111005,
-77.09063667,39.117765,
-77.09058667,39.11781167,
-77.09052333,39.106525,
-77.090495,39.08263167,
-77.09047833,39.13957833,
-77.09047,39.12404667,
-77.09033333,39.13950833,
-77.09013,38.97533167,
-77.090095,39.082505,
-77.08999667,39.11074167,
-77.08993833,38.97429,
-77.08992167,39.12434333,
-77.08991833,38.97416,
-77.08985167,38.97377833,
-77.08976167,38.973265,
-77.08975333,39.11065667,
-77.08974333,38.973135,
-77.08954,39.082305,
-77.08950333,38.97129833,
-77.089455,39.11053667,
-77.08940333,39.082235,
-77.08932167,39.10806833,
-77.08928667,38.96982833,
-77.08922833,39.12471833,
-77.08920167,39.110445,
-77.089035,39.053235,
-77.08899833,38.96800833,
-77.08893,38.96769,
-77.088865,39.06064833,
-77.088685,39.13178,
-77.08865667,39.109235,
-77.08861333,39.13147833,
-77.08861,39.10931,
-77.08859,39.12511333,
-77.0885,39.04892667,
-77.0885,39.049045,
-77.08847167,39.061085,
-77.08847,39.04854,
-77.088465,39.062105,
-77.08845667,39.04136167,
-77.08844833,39.10959667,
-77.08844667,39.131275,
-77.08841667,39.109655,
-77.08841167,39.06193333,
-77.08837333,39.048015,
-77.08836333,38.96599333,
-77.08835167,39.11013167,
-77.08834833,39.1311,
-77.08834833,39.04793333,
-77.08825833,38.96581,
-77.08814167,39.041565,
-77.08810167,38.96553833,
-77.08808,39.06329,
-77.088075,39.12533833,
-77.08805167,39.12765167,
-77.08796833,39.12850667,
-77.08793167,39.05933333,
-77.08786,39.06461833,
-77.08781667,39.06364,
-77.087755,39.13823667,
-77.08775333,39.06439667,
-77.08772333,39.04633,
-77.08767333,39.03941333,
-77.08763333,39.13285833,
-77.08760833,39.06403333,
-77.08759833,39.04606167,
-77.08747,39.13305833,
-77.087415,39.04168167,
-77.08739167,39.04573833,
-77.08717333,39.05888167,
-77.08709,39.07878,
-77.08706667,39.04524833,
-77.08706333,39.03888667,
-77.08694667,38.96400333,
-77.08693,39.07762833,
-77.08685333,39.04186333,
-77.08684833,39.07280333,
-77.08684167,39.06653833,
-77.08678333,39.07378833,
-77.08676333,39.04190167,
-77.08676167,39.073905,
-77.08674667,39.07669833,
-77.08674167,39.07402833,
-77.08671833,39.07415667,
-77.086695,39.07428833,
-77.08665833,39.072795,
-77.08665667,39.07618333,
-77.08648,39.13665167,
-77.08639333,39.044385,
-77.08637333,39.07283333,
-77.08622,39.03814833,
-77.08613833,39.05994333,
-77.08610833,39.05906,
-77.086065,39.1359,
-77.08600167,39.04393,
-77.08585333,39.06724833,
-77.08538,39.03721667,
-77.08529833,39.07247,
-77.08511167,39.03224667,
-77.08487167,39.036675,
-77.08485667,39.03280333,
-77.08475833,39.06802833,
-77.08418167,39.035515,
-77.084,39.07207167,
-77.08399667,39.06187,
-77.08316167,39.07187,
-77.08314,39.029555,
-77.08274667,39.05591167,
-77.082685,39.069395,
-77.08201333,39.02903667,
-77.08198833,39.06274,
-77.08167833,39.02887667,
-77.08147,39.07178333,
-77.08124333,39.06284667,
-77.08110667,39.062835,
-77.080865,39.07093,
-77.08009833,39.06230333,
-77.07998,39.02811,
-77.079785,39.05448167,
-77.07963833,39.06240167,
-77.079135,39.02786167,
-77.07881833,39.02790833,
-77.07861,39.05384667,
-77.07746667,39.02773333,
-77.07736833,39.05312333,
-77.077145,39.06263167,
-77.07681167,39.05277333,
-77.07675,39.02758167,
-77.07659333,39.01654833,
-77.076555,39.01580833,
-77.07648667,39.01749833,
-77.076275,39.015135,
-77.07626833,39.06243833,
-77.07582333,39.10949167,
-77.075785,39.02743333,
-77.07569167,39.01861667,
-77.075535,39.11423167,
-77.07550167,39.11452167,
-77.075385,39.11547833,
-77.075365,39.05185667,
-77.07531167,39.05182333,
-77.07523333,39.11671,
-77.07523333,39.05177667,
-77.07511,39.06260667,
-77.075055,39.11817333,
-77.07484167,39.02741333,
-77.074635,39.12012,
-77.07386333,39.01997167,
-77.07372,39.06321333,
-77.07370833,39.02016833,
-77.07366667,39.02022333,
-77.07364667,39.11122667,
-77.07338833,39.1116,
-77.073375,39.06277167,
-77.07337167,39.02756667,
-77.07327,39.02081833,
-77.07322167,39.02749833,
-77.073185,39.06177667,
-77.07314167,39.05923667,
-77.07309167,39.014235,
-77.07306333,39.12446,
-77.07296333,39.014125,
-77.07284,39.02152,
-77.07277,39.02164333,
-77.07276333,39.02726,
-77.07274667,39.01396,
-77.07272667,39.02171167,
-77.072655,39.0586,
-77.07261333,39.02716333,
-77.07250333,39.12587,
-77.07240167,39.022225,
-77.07233,39.02690333,
-77.072305,39.058825,
-77.072215,39.05888667,
-77.07218333,39.12612167,
-77.07215167,39.02262333,
-77.07213833,39.02595167,
-77.071885,39.02311833,
-77.07186833,39.11228167,
-77.07180167,39.0255,
-77.07175167,39.0135,
-77.07173833,39.05923833,
-77.07170667,39.02538,
-77.07166833,39.04982,
-77.07157667,39.02401167,
-77.071485,39.025095,
-77.07147167,39.02434833,
-77.07127,39.04964667,
-77.07094667,39.058295,
-77.07086667,39.05817,
-77.07084833,39.130515,
-77.07082333,39.058115,
-77.07074167,39.049415,
-77.070675,39.13196667,
-77.07067333,39.130475,
-77.07042,39.12596167,
-77.07041167,39.13298167,
-77.07037,39.13312333,
-77.07029333,39.12608167,
-77.07023833,39.13355833,
-77.07021667,39.01276,
-77.07014833,39.13384667,
-77.07013833,39.12689167,
-77.07013667,39.12694,
-77.07010333,39.13398667,
-77.06963,39.06001333,
-77.06957333,39.05677,
-77.06955167,39.05674,
-77.06940833,39.13623667,
-77.06933667,39.06007,
-77.06889,39.05934,
-77.06859,39.130305,
-77.068525,39.05598333,
-77.06832333,39.12855667,
-77.06822667,39.05580167,
-77.06819333,39.047285,
-77.06819167,39.12993667,
-77.06819167,39.14007167,
-77.06818667,39.13,
-77.06818667,39.12966833,
-77.06816667,39.05576333,
-77.06816167,39.13018167,
-77.06803,39.04712167,
-77.067675,39.05543167,
-77.067675,39.14190167,
-77.06766833,39.11275667,
-77.06761,39.14221833,
-77.06724167,39.05510333,
-77.06688,39.05462833,
-77.06683167,39.14265833,
-77.06674833,39.11266333,
-77.065685,39.055095,
-77.06567333,39.14127167,
-77.06551167,39.14076667,
-77.06483667,39.05515333,
-77.06456,39.03525833,
-77.06444833,39.044635,
-77.064035,39.03448167,
-77.06391167,39.03601,
-77.0639,39.11236333,
-77.06323833,39.054755,
-77.06312667,39.05473833,
-77.062335,39.05479833,
-77.06230667,39.03301167,
-77.06200667,39.05476167,
-77.061935,39.032805,
-77.061925,39.03348667,
-77.06186333,39.05456333,
-77.06184,39.03361833,
-77.061725,39.03403667,
-77.061695,39.03401333,
-77.06166,39.03393667,
-77.06161,39.11228,
-77.06140167,39.05396,
-77.06139333,39.04306167,
-77.061165,39.03291,
-77.06097667,39.03293833,
-77.06096333,39.05345333,
-77.06044833,39.05309,
-77.05973333,39.03317333,
-77.05969,39.03759,
-77.0596,39.03752333,
-77.05958333,39.037505,
-77.05956,39.01207167,
-77.059425,39.03736833,
-77.0593,39.01187833,
-77.05898667,39.04180667,
-77.05890333,39.01185833,
-77.05887667,39.04174167,
-77.058725,39.14398667,
-77.05865667,39.14408,
-77.05838,39.01300167,
-77.0581,39.03703667,
-77.05805667,39.01307667,
-77.05787167,39.11301333,
-77.05784833,39.14472,
-77.05778333,39.052335,
-77.05777833,39.01188333,
-77.05772,39.01211833,
-77.057675,39.01218,
-77.057505,39.04101667,
-77.05746167,39.01156167,
-77.05733833,39.05227667,
-77.05709667,39.14595667,
-77.05698333,39.14612667,
-77.05697667,39.03293833,
-77.05693,39.03807333,
-77.05691167,39.11341333,
-77.05683,39.032855,
-77.056665,39.05219667,
-77.05661,39.03826333,
-77.056065,39.040245,
-77.05597,39.01066,
-77.055935,39.04018,
-77.055905,39.14611333,
-77.055775,39.01055167,
-77.05568833,39.01049333,
-77.05558167,39.06358333,
-77.05554,39.03846,
-77.05525333,39.06331833,
-77.055185,39.02966667,
-77.05515167,39.02846167,
-77.05512,39.05171833,
-77.05511833,39.02996333,
-77.05511,39.02720833,
-77.05510667,39.02773167,
-77.05503,39.03970167,
-77.05495833,39.02486667,
-77.054925,39.03023333,
-77.054905,39.145765,
-77.054805,39.024635,
-77.05467667,39.038455,
-77.05464167,39.062835,
-77.05460333,39.03060667,
-77.05453333,39.05155667,
-77.05446167,39.06269667,
-77.054435,39.02448,
-77.05441667,39.03938333,
-77.0544,39.030865,
-77.054265,39.06254667,
-77.05420333,39.031105,
-77.053915,39.00972833,
-77.05389667,39.03144667,
-77.05386833,39.02432167,
-77.053845,39.03198667,
-77.05378,39.02430333,
-77.05362667,39.06207667,
-77.05355333,39.14544833,
-77.05340667,39.061905,
-77.05331167,39.03859167,
-77.05311667,39.038445,
-77.052735,39.02434167,
-77.05272833,39.00963167,
-77.052595,39.05092833,
-77.05242833,39.05086667,
-77.05206667,39.00960667,
-77.05189,39.05070667,
-77.05173167,39.1456,
-77.05166667,39.05089333,
-77.05126833,39.05236333,
-77.05113,39.02450167,
-77.05090333,39.024525,
-77.05080833,39.02453167,
-77.050745,39.00945167,
-77.05045167,39.05485333,
-77.05034833,39.05509167,
-77.05011333,39.14631167,
-77.050095,39.056965,
-77.05006333,39.056415,
-77.04995167,39.005275,
-77.04950167,39.02466667,
-77.04942833,39.00569833,
-77.049065,39.006005,
-77.04905167,39.00736,
-77.048935,39.00904167,
-77.04893167,39.00912833,
-77.04865167,39.14554167,
-77.04862333,39.024765,
-77.04767167,39.02486,
-77.04748333,39.02487667,
-77.04745333,39.14490833,
-77.04743333,39.118655,
-77.04739167,39.02488167,
-77.04686667,39.02498833,
-77.04567,39.14429,
-77.045235,39.02535167,
-77.04489167,39.09078333,
-77.04386,39.090845,
-77.04379,39.14419167,
-77.04377833,39.04362833,
-77.04377833,39.04373,
-77.04376,39.04333167,
-77.04376,39.044255,
-77.043745,39.04316167,
-77.043575,39.04291667,
-77.04290667,39.14384833,
-77.04282833,39.042895,
-77.04275667,39.04288833,
-77.04258333,39.04616167,
-77.04254,39.09948,
-77.04252667,39.09147,
-77.04212167,39.100015,
-77.04206833,39.04723,
-77.04193,39.047235,
-77.04178833,39.10036167,
-77.041295,39.10082667,
-77.04115667,39.04726,
-77.04065833,39.04726,
-77.04049333,39.14288833,
-77.040465,39.041895,
-77.04023667,39.12044667,
-77.04021333,39.04185667,
-77.04008333,39.12052667,
-77.03995,39.02611333,
-77.03993333,39.1206,
-77.03982333,39.042105,
-77.03954333,39.10361667,
-77.03932,39.03843667,
-77.03926833,39.02621,
-77.039135,39.02623,
-77.03913,39.04209167,
-77.03898833,39.04728,
-77.03874833,39.14208833,
-77.03861667,39.14201667,
-77.03824333,39.14178833,
-77.03824167,39.10599333,
-77.0382,39.02636167,
-77.03807167,39.12077,
-77.03807167,39.02638167,
-77.03807167,39.03934833,
-77.03771,39.04710833,
-77.03755833,39.026445,
-77.03712833,39.04003667,
-77.03712667,39.11084167,
-77.03712333,39.10909167,
-77.03712,39.11139333,
-77.03704833,39.02643333,
-77.037045,39.140965,
-77.03697333,39.041045,
-77.03660833,39.11676333,
-77.03648167,39.02244667,
-77.03647333,39.01687,
-77.03643167,39.02239,
-77.0364,39.02269167,
-77.03639667,39.01693333,
-77.03639,39.02273167,
-77.03637833,39.022775,
-77.036255,39.02315667,
-77.03609167,39.11794167,
-77.03602,39.12077,
-77.03596,39.02235833,
-77.035725,39.022355,
-77.03555667,39.02348833,
-77.03549333,39.02603333,
-77.03543667,39.0246,
-77.03543,39.02440667,
-77.03541833,39.02426,
-77.03538667,39.02412167,
-77.03537333,39.01602667,
-77.03537,39.02385667,
-77.035305,39.120705,
-77.03508,39.11952333,
-77.03500667,39.01783833,
-77.03495,39.01605333,
-77.03475167,39.13955167,
-77.03468333,39.01845667,
-77.03461167,39.12058167,
-77.03446333,39.01921833,
-77.03429167,39.02094,
-77.03425167,39.01607667,
-77.034185,39.06442333,
-77.03411833,39.002795,
-77.03410667,39.03650667,
-77.03393,39.03654167,
-77.03384833,39.00289333,
-77.03365333,39.064365,
-77.03298667,39.00319667,
-77.03288333,39.06618167,
-77.032695,39.01615667,
-77.03260833,39.00326167,
-77.03254667,39.137205,
-77.03238333,39.13697,
-77.03204333,39.06629667,
-77.03175167,39.06426167,
-77.03167833,38.99603667,
-77.03163167,39.04637833,
-77.03159833,38.99608667,
-77.03152,38.99579833,
-77.03137667,38.99567,
-77.03126667,38.99556667,
-77.031265,39.00321167,
-77.031255,39.066375,
-77.03124667,39.06426,
-77.03112167,39.066375,
-77.03090333,39.00309333,
-77.03074,39.13378667,
-77.030625,39.00298333,
-77.03047,39.06640667,
-77.03045667,39.036675,
-77.030385,38.994925,
-77.03031667,39.0469,
-77.03015167,38.99711,
-77.030095,38.99485667,
-77.03005333,39.09467,
-77.03,39.00273667,
-77.02996833,39.01293667,
-77.029925,39.002705,
-77.02965,38.99767667,
-77.02956333,39.00254167,
-77.02948833,39.01237667,
-77.02935833,39.130225,
-77.02929167,39.01212333,
-77.02924667,38.99465833,
-77.02922833,39.12995167,
-77.029155,39.011955,
-77.02907167,39.00230833,
-77.02901667,39.01179333,
-77.028795,38.99831,
-77.02864167,39.12874667,
-77.02822667,39.09456333,
-77.02806,39.00185833,
-77.027995,39.12718,
-77.02798833,38.99952,
-77.027905,38.99956667,
-77.02784,39.12667,
-77.02772,39.04760333,
-77.027655,38.99456333,
-77.02751333,39.12553667,
-77.02726,39.12481333,
-77.02721333,39.12469,
-77.02719667,39.047745,
-77.02717,39.03611667,
-77.02715167,39.010905,
-77.02699,39.09574,
-77.02669833,39.09616,
-77.02662667,38.99905833,
-77.02661667,39.010885,
-77.026605,38.99370833,
-77.02654833,38.99318667,
-77.026495,39.09653333,
-77.02641167,39.09672167,
-77.02640167,39.12338,
-77.026375,39.09682,
-77.02630667,39.09701,
-77.026185,39.09746667,
-77.02609833,39.01076333,
-77.02609333,39.09833333,
-77.026075,39.09843,
-77.02605667,38.99903,
-77.02598,39.01072,
-77.02578833,39.01063833,
-77.025665,38.99299667,
-77.02564333,39.01057167,
-77.02558333,39.12215,
-77.025535,39.060525,
-77.02550667,39.09985667,
-77.02532333,38.99302,
-77.02532167,39.00186,
-77.02528167,39.06600667,
-77.02527167,39.10020833,
-77.02515667,39.01041167,
-77.02508667,39.00202333,
-77.02505,39.010395,
-77.02499667,39.10060167,
-77.02493167,39.01038167,
-77.024785,39.05003167,
-77.02476667,39.05029,
-77.02474,39.12135667,
-77.024715,39.05145,
-77.02470667,38.993055,
-77.02467833,39.05209167,
-77.02466667,39.05249833,
-77.02460333,39.05912167,
-77.02456333,39.05358333,
-77.02452833,39.03478333,
-77.02451833,39.00305833,
-77.02448833,39.10136,
-77.02430167,39.05432833,
-77.02430167,39.10163333,
-77.02429333,38.99885167,
-77.02429167,39.003415,
-77.02424667,39.101725,
-77.02412833,39.10190333,
-77.02407833,39.05865667,
-77.02401333,38.992935,
-77.02393667,39.10216667,
-77.02386833,38.98971167,
-77.02377667,38.9889,
-77.02376333,39.10243333,
-77.023615,39.05792167,
-77.02343333,39.06592833,
-77.023305,39.120535,
-77.0231,39.065935,
-77.02299333,39.01017833,
-77.02298167,38.99791333,
-77.02294,39.10324333,
-77.02293833,39.06594,
-77.02286,38.98765,
-77.02278,38.997745,
-77.02256667,39.005205,
-77.02251333,38.987405,
-77.0225,39.00589167,
-77.02247833,38.99751833,
-77.022405,39.00560667,
-77.02227,39.009925,
-77.02227,39.00576,
-77.02219167,38.99729833,
-77.02197667,39.006065,
-77.02174167,39.00457667,
-77.02171667,38.99728333,
-77.02164,39.10352667,
-77.021605,39.00444167,
-77.021435,38.986665,
-77.021235,38.986535,
-77.02093333,39.00377333,
-77.02080833,38.99801167,
-77.020625,39.00343,
-77.02021167,38.99860333,
-77.020065,38.98577167,
-77.02005667,39.00751167,
-77.02005333,39.03452833,
-77.01996,39.00758833,
-77.01994667,39.10376333,
-77.01989667,38.99876167,
-77.01982333,39.002655,
-77.01974667,39.00258833,
-77.01876833,39.00838167,
-77.01867833,38.98490833,
-77.01849333,38.98479333,
-77.01847833,39.10396667,
-77.01836,39.00166333,
-77.01831,39.11657833,
-77.01830167,38.978415,
-77.01829667,39.008645,
-77.01819833,38.97815,
-77.018195,39.00150833,
-77.01810333,38.97859167,
-77.01808833,38.97807667,
-77.01803167,38.97803,
-77.017975,39.03359667,
-77.01793,39.10404167,
-77.017915,39.03352333,
-77.017845,38.977885,
-77.017805,38.98434,
-77.01771667,38.97912,
-77.01770333,38.97776167,
-77.01767667,39.10404667,
-77.01761833,39.03321667,
-77.01760833,38.97927833,
-77.01748,39.06747667,
-77.01747,38.99984333,
-77.017445,38.999685,
-77.01733,38.97748,
-77.01733,39.067555,
-77.01709667,39.10309833,
-77.01696833,39.0086,
-77.01685167,38.97707333,
-77.016815,39.01195,
-77.01680667,39.01200667,
-77.01675833,39.09916,
-77.016755,39.098985,
-77.01674667,39.09949833,
-77.01670667,39.099835,
-77.01670333,39.09819833,
-77.01665833,39.10008,
-77.01664,39.10016,
-77.01660167,39.09362667,
-77.01659833,39.014245,
-77.01659333,39.01450167,
-77.01655667,38.97683333,
-77.01655667,39.06791667,
-77.01654,39.093025,
-77.01653833,39.01503333,
-77.01642,39.10084,
-77.01641,39.10087167,
-77.016245,39.09296,
-77.01623833,38.98342167,
-77.01614667,39.01627333,
-77.01614,38.97650167,
-77.01608667,38.97539167,
-77.01607833,38.97647167,
-77.01604167,38.97557333,
-77.01599,38.98149833,
-77.01596167,39.06822333,
-77.01593167,38.98158,
-77.01588667,39.09295833,
-77.01581167,39.11485833,
-77.015765,38.97625167,
-77.015735,38.97616667,
-77.01566833,39.01696,
-77.01564167,39.01161333,
-77.01546167,39.06848333,
-77.01545,38.98236,
-77.01496833,39.06873667,
-77.01481,39.068715,
-77.014785,38.97492,
-77.01476333,39.09297667,
-77.0146,39.06854,
-77.01449333,39.01823,
-77.014465,39.06842,
-77.01433667,38.974895,
-77.014285,39.00917,
-77.01412167,39.06809333,
-77.01408333,39.08854333,
-77.01398667,39.11383,
-77.01386167,39.06783,
-77.01384167,39.11374667,
-77.01380333,39.01110167,
-77.01376167,39.08976,
-77.01346,39.01929333,
-77.01339167,39.02906167,
-77.01333667,39.03164667,
-77.01321833,39.02761,
-77.01308833,39.08569167,
-77.01307833,39.02745,
-77.01304833,39.02741333,
-77.01297667,39.08538833,
-77.012855,39.01080167,
-77.01285167,39.08986667,
-77.01281167,39.084955,
-77.01279833,39.00946833,
-77.01273333,39.03038167,
-77.012615,39.01007167,
-77.012605,39.02700833,
-77.01254333,39.010355,
-77.01241667,39.08399333,
-77.01233667,39.06773,
-77.01217833,39.06697333,
-77.01217333,39.09298833,
-77.01211333,39.06653833,
-77.012105,39.02671333,
-77.01206833,38.974775,
-77.01203667,39.06598667,
-77.01193667,39.06565833,
-77.01181333,38.974955,
-77.01176333,39.02654167,
-77.01111333,39.11134833,
-77.01106667,39.02618833,
-77.01102833,39.06519167,
-77.01087833,38.97511167,
-77.01084,39.02644333,
-77.010735,39.01912167,
-77.01054667,38.97517167,
-77.01031333,39.065105,
-77.00944667,39.06500333,
-77.00920167,39.06497,
-77.00911167,38.97949333,
-77.00907833,39.06495167,
-77.00898,38.97607333,
-77.00890333,38.979295,
-77.00860667,39.01885833,
-77.00842,39.02877333,
-77.00810333,39.018615,
-77.007995,39.01855167,
-77.00785,38.97819833,
-77.00741667,39.08192833,
-77.007415,39.06471,
-77.00724,39.01795,
-77.00699167,39.10979333,
-77.00697667,38.98326333,
-77.00660167,39.01713167,
-77.00649667,39.06460167,
-77.00624833,39.016665,
-77.00613167,39.06454667,
-77.00588333,39.08158,
-77.005795,39.03042333,
-77.00531,38.98404,
-77.00511833,39.03105667,
-77.00474833,38.984255,
-77.004685,39.081285,
-77.00462833,39.06434833,
-77.004435,39.06487667,
-77.00435667,39.03182167,
-77.00408667,39.08113833,
-77.00396667,39.013665,
-77.00379,38.98570167,
-77.00373167,38.98596167,
-77.00368,38.98613667,
-77.003515,39.107555,
-77.00339333,39.012915,
-77.00335833,38.99719333,
-77.00321333,38.99663,
-77.00305167,39.10715333,
-77.00294,39.10706,
-77.00284833,39.01217333,
-77.00282333,39.03334333,
-77.00278667,39.065895,
-77.0026,39.03356667,
-77.00255667,38.99667,
-77.002465,39.08074333,
-77.00222833,39.01137333,
-77.00205833,38.98654333,
-77.001995,38.99673167,
-77.00194667,39.08062,
-77.001735,38.998445,
-77.00173333,39.10630167,
-77.00169,39.03351667,
-77.00162667,39.03353333,
-77.00139833,39.10630167,
-77.00126667,38.99682167,
-77.00120833,39.10645667,
-77.00114667,39.08078667,
-77.00106167,39.09366167,
-77.00105833,39.066335,
-77.00091833,39.08159833,
-77.00091667,38.99850167,
-77.00091,39.09338667,
-77.00089167,39.06613667,
-77.00087833,39.08172833,
-77.00078,38.98549667,
-77.00069167,39.10685333,
-77.000625,38.98538833,
-77.00058833,39.09615667,
-77.00047,39.08291833,
-77.000445,39.10702667,
-77.00038333,39.033965,
-77.00037167,38.99339167,
-77.00034167,38.99436667,
-77.000325,38.99440333,
-77.00026,38.98511667,
-77.00021667,38.98507,
-77.00018667,38.99464833,
-77.00012167,39.09178167,
-77.00009167,39.034075,
-77.00007333,38.99477333,
-76.99988167,38.99505667,
-76.999765,39.08997667,
-76.99972333,38.99701167,
-76.999625,39.08930333,
-76.99958667,38.99540667,
-76.999575,39.08904667,
-76.99954167,39.08566,
-76.99948333,39.009315,
-76.99940167,39.08626333,
-76.99937333,39.087955,
-76.999315,39.086895,
-76.99927667,38.99699167,
-76.999255,38.99578,
-76.99920333,38.99586,
-76.99919333,38.99057167,
-76.999145,38.984485,
-76.99913,38.99697167,
-76.99908,38.99606667,
-76.999075,38.99033667,
-76.99903,38.99616333,
-76.99888,38.99652333,
-76.99883167,38.99682833,
-76.998675,39.06188833,
-76.99862333,38.98938167,
-76.998565,39.00813167,
-76.99842167,39.09485,
-76.99836333,38.985025,
-76.99831,38.988775,
-76.99828167,39.10850167,
-76.99821333,39.09461333,
-76.998025,39.10862333,
-76.99786833,39.00657667,
-76.99785667,39.09428333,
-76.99778333,38.99902333,
-76.99769833,39.006215,
-76.99768167,39.05834333,
-76.99765667,39.10851,
-76.997655,39.05821167,
-76.99758667,38.98535667,
-76.997575,39.03508167,
-76.99747833,39.00573,
-76.997365,39.00549667,
-76.99714833,39.005025,
-76.99709333,39.00490167,
-76.997065,39.09370667,
-76.99684333,38.98651333,
-76.99680333,38.99930167,
-76.99676167,38.98641333,
-76.996435,39.00342667,
-76.9963,39.00318333,
-76.99622333,39.003065,
-76.99584667,39.03663833,
-76.99574167,39.001695,
-76.99561333,38.99969833,
-76.99554667,39.03692167,
-76.995515,39.05503667,
-76.99505,39.054465,
-76.99474,39.053995,
-76.99459833,39.05375167,
-76.993845,39.05193333,
-76.993765,39.075895,
-76.9933,39.03841167,
-76.99308333,39.07496167,
-76.99308,39.04810833,
-76.99305833,39.03850167,
-76.99298333,39.03853167,
-76.99294167,39.04744,
-76.9927,39.03864333,
-76.99267,39.07474833,
-76.992595,39.10632667,
-76.99241833,39.04525833,
-76.992385,39.09409667,
-76.99222167,39.09416167,
-76.99219167,39.04414333,
-76.992005,39.03877333,
-76.99196833,39.03871833,
-76.99178167,39.042625,
-76.991595,39.03821667,
-76.99154333,39.03822667,
-76.99124333,39.07423667,
-76.99107333,39.038395,
-76.990835,39.040115,
-76.99072833,39.03818167,
-76.990515,39.07386667,
-76.99049167,39.10552,
-76.99049,39.038155,
-76.99042333,39.038315,
-76.990385,39.03985667,
-76.99034167,39.038175,
-76.99027333,39.038195,
-76.99020333,39.09503333,
-76.9901,39.03823167,
-76.99000833,39.03824,
-76.98977833,39.03804667,
-76.989775,39.07326167,
-76.98966833,39.03786333,
-76.98959833,39.105175,
-76.98958667,39.04015167,
-76.98955167,39.09534,
-76.98950167,39.07294,
-76.989265,39.072655,
-76.98903167,39.03663333,
-76.98900667,39.09559667,
-76.98875167,39.104835,
-76.98831833,39.10466667,
-76.98827,39.07118167,
-76.98800833,39.04081833,
-76.98796,39.070375,
-76.987505,39.07792167,
-76.987465,39.04101167,
-76.98696,39.104145,
-76.98688333,39.09647167,
-76.98676333,39.03418667,
-76.98659,39.06841833,
-76.98627333,39.04645667,
-76.98611333,39.04607833,
-76.98597,39.04139167,
-76.98587,39.04197667,
-76.98571167,39.06756667,
-76.98570833,39.10365,
-76.98553833,39.04707,
-76.98548167,39.04721167,
-76.98544,39.04727167,
-76.98531,39.078065,
-76.98527,39.04563833,
-76.985075,39.097935,
-76.98499667,39.04421833,
-76.98497833,39.09804667,
-76.9847,39.04495667,
-76.98466667,39.04513,
-76.98463167,39.04524,
-76.98366833,39.03026833,
-76.98348667,39.09989333,
-76.983395,39.02945833,
-76.983125,39.02875333,
-76.9831,39.100365,
-76.98291167,39.06623833,
-76.98262833,39.02795667,
-76.98253167,39.02783667,
-76.98227833,39.078265,
-76.98225167,39.10146,
-76.98201833,39.10213167,
-76.98078833,39.066035,
-76.98074333,39.07822333,
-76.98063167,39.050325,
-76.98037667,39.06588,
-76.980235,39.02542333,
-76.97921333,39.05118,
-76.97895667,39.07808,
-76.978285,39.07796167,
-76.97828,39.06518333,
-76.97767833,39.02269667,
-76.97726667,39.06540833,
-76.977245,39.022415,
-76.97712,39.022455,
-76.97710667,39.077705,
-76.97692,39.02251,
-76.97671167,39.06559667,
-76.97623833,39.07746167,
-76.97465,39.06596833,
-76.974535,39.07696667,
-76.97436167,39.054165,
-76.974215,39.07685667,
-76.97362,39.02365333,
-76.97340833,39.07661167,
-76.97330833,39.02376333,
-76.97294,39.06545333,
-76.97236833,39.02407667,
-76.972075,39.05552333,
-76.97200833,39.076445,
-76.97186667,39.07643833,
-76.971715,39.02428,
-76.97130167,39.06492167,
-76.970415,39.02472667,
-76.97038833,39.05654167,
-76.97007,39.05673167,
-76.969585,39.02501167,
-76.96912333,39.05726667,
-76.96909167,39.025185,
-76.96902,39.05733,
-76.96873667,39.05750667,
-76.968515,39.057645,
-76.96845333,39.02540333,
-76.967805,39.05717167,
-76.967175,39.05656167,
-76.96697167,39.09137833,
-76.96663667,39.09084,
-76.96663333,39.063625,
-76.96656,39.077565,
-76.96647833,39.09061167,
-76.96642333,39.02614,
-76.96636,39.09717167,
-76.96581,39.077775,
-76.96577333,39.02629667,
-76.96531167,39.02646,
-76.96507167,39.09812667,
-76.96467667,39.09919167,
-76.96444,39.08821667,
-76.96412833,39.10014167,
-76.96371667,39.07809833,
-76.96361667,39.10337833,
-76.96361333,39.08782833,
-76.96356833,39.056045,
-76.96356167,39.06278167,
-76.96355667,39.078085,
-76.96352667,39.10291333,
-76.96345667,39.10442,
-76.96342,39.062745,
-76.96340167,39.10465667,
-76.96323333,39.105965,
-76.96319333,39.10642167,
-76.96317,39.106855,
-76.96316667,39.10715333,
-76.963095,39.10806667,
-76.96307,39.10830667,
-76.96300167,39.10908333,
-76.96296,39.02771833,
-76.96295333,39.10976333,
-76.96294333,39.10985167,
-76.96283167,39.110875,
-76.96277333,39.11147,
-76.96269,39.11254333,
-76.96267667,39.11276333,
-76.96263,39.05586,
-76.96251667,39.08757667,
-76.96239,39.055775,
-76.96235667,39.06269833,
-76.962305,39.07791167,
-76.96226333,39.08752333,
-76.96188167,39.07785,
-76.96187833,39.11601,
-76.96170333,39.06336833,
-76.96149167,39.08735167,
-76.96134667,39.064105,
-76.96129833,39.05543167,
-76.96094833,39.087245,
-76.96060667,39.065375,
-76.96045667,39.07763833,
-76.96038167,39.11525,
-76.96031,39.07761667,
-76.96012833,39.115105,
-76.95981333,39.08706,
-76.95972,39.06674667,
-76.95944667,39.06716833,
-76.959445,39.07746833,
-76.959195,39.07739,
-76.95917667,39.06758,
-76.95905167,39.08695333,
-76.959035,39.11446333,
-76.95859167,39.08688667,
-76.95844833,39.029315,
-76.958355,39.02934,
-76.958325,39.02935,
-76.95827833,39.06762,
-76.95826833,39.05563833,
-76.95825,39.02936333,
-76.95789333,39.07634167,
-76.957775,39.06758833,
-76.95775833,39.07631333,
-76.95764333,39.029555,
-76.95759333,39.076445,
-76.95751833,39.11347667,
-76.95709333,39.05546833,
-76.956785,39.07781833,
-76.95653,39.07816,
-76.95634667,39.07839167,
-76.95590667,39.03007167,
-76.95566,39.11251333,
-76.95502667,39.08049,
-76.95461,39.06843,
-76.954365,39.05591,
-76.954255,39.08615,
-76.95418333,39.06874833,
-76.95385833,39.03111833,
-76.95384667,39.06900667,
-76.95382167,39.05471167,
-76.95376167,39.06907333,
-76.95344833,39.03136667,
-76.95335333,39.05302833,
-76.95328833,39.052815,
-76.95327167,39.06945833,
-76.952985,39.06969667,
-76.952915,39.08263833,
-76.95284667,39.11170333,
-76.95279833,39.069835,
-76.95274833,39.05085,
-76.95221667,39.04778667,
-76.952085,39.03219333,
-76.95204667,39.046645,
-76.95180167,39.04525,
-76.95167667,39.08594167,
-76.95163,39.04463333,
-76.95154833,39.04447167,
-76.95151167,39.08389667,
-76.951415,39.04426167,
-76.951065,39.08582333,
-76.95092333,39.04368167,
-76.95080333,39.08518667,
-76.95078667,39.08525167,
-76.95076,39.08539167,
-76.95073167,39.085525,
-76.95068833,39.04338667,
-76.94963,39.042035,
-76.94953833,39.06725833,
-76.949475,39.034715,
-76.94947333,39.041785,
-76.94932333,39.11087667,
-76.94924333,39.03508833,
-76.94895667,39.04092,
-76.94833167,39.03719333,
-76.94830667,39.03733667,
-76.94824833,39.040025,
-76.94805,39.03981667,
-76.948,39.03898667,
-76.94722333,39.06677167,
-76.94695833,39.109335,
-76.94641,39.06651167,
-76.945105,39.10812667,
-76.94508,39.10811333,
-76.94503333,39.07938333,
-76.94500167,39.079335,
-76.94467,39.07890667,
-76.94433167,39.06583833,
-76.94418167,39.06584167,
-76.94414833,39.10745833,
-76.94370667,39.10716167,
-76.94348333,39.10702,
-76.94320333,39.10185333,
-76.94313,39.10683,
-76.94302333,39.10176,
-76.94272667,39.06566,
-76.942655,39.10154,
-76.94244333,39.065595,
-76.9423,39.06556167,
-76.94218333,39.08106667,
-76.94188,39.081225,
-76.94177333,39.08128167,
-76.94167833,39.10094833,
-76.941505,39.10651167,
-76.94143667,39.08146333,
-76.94142,39.10077333,
-76.94090167,39.10120333,
-76.940835,39.106635,
-76.94064667,39.10145167,
-76.94049333,39.07515333,
-76.94040833,39.10675167,
-76.94034333,39.10179167,
-76.93999667,39.10224333,
-76.93937167,39.107165,
-76.93930333,39.07355333,
-76.93921167,39.10723333,
-76.939005,39.08277,
-76.93888333,39.082835,
-76.938615,39.10447333,
-76.93859167,39.07256667,
-76.93850833,39.10469333,
-76.93845667,39.104805,
-76.93836167,39.10502,
-76.93827833,39.105235,
-76.93816,39.07185833,
-76.93813833,39.10556167,
-76.93810167,39.07175167,
-76.93745167,39.10692833,
-76.93738,39.08365333,
-76.93734333,39.06659,
-76.937335,39.06494,
-76.93723167,39.06935333,
-76.93718167,39.10837667,
-76.93710333,39.110785,
-76.93697667,39.06498,
-76.93663333,39.08405167,
-76.93659833,39.10725833,
-76.93656333,39.10728,
-76.936555,39.10646333,
-76.93647167,39.107335,
-76.93634,39.1108,
-76.93628333,39.098045,
-76.936275,39.10874167,
-76.93607833,39.10757667,
-76.93591167,39.10529167,
-76.93557333,39.09930833,
-76.93549667,39.10786167,
-76.93548167,39.11054333,
-76.93538833,39.09965,
-76.93533333,39.11041667,
-76.93529667,39.10469833,
-76.93514833,39.104735,
-76.93513667,39.11021833,
-76.93512167,39.10737167,
-76.93505167,39.10723667,
-76.93501167,39.10717,
-76.93497167,39.10040167,
-76.93485167,39.10060833,
-76.93483833,39.10693,
-76.934465,39.101205,
-76.93435667,39.105385,
-76.934285,39.08542333,
-76.934205,39.10548833,
-76.93389833,39.08561667,
-76.93307833,39.09373167,
-76.93298833,39.10214833,
-76.93285167,39.10420667,
-76.93264667,39.10227667,
-76.932585,39.10409667,
-76.932445,39.09350333,
-76.93225667,39.08590667,
-76.93215,39.10356833,
-76.93213833,39.10316667,
-76.931415,39.09267,
-76.93135,39.08600667,
-76.9312,39.08635167,
-76.9312,39.08651333,
-76.93119667,39.08659833,
-76.93119333,39.08668,
-76.93093167,39.08771667,
-76.93009,39.09109667,
-76.93001,39.09091167,
